year,vehicle_stock,percentage,adjusted_vehicle_ownership,vehicle
2000,12337631.55304348,0.0,0.5640366,SCOOTER
2000,12386726.55304348,0.025,0.5662405,SCOOTER
2000,12401550.55304348,0.05,0.5669059,SCOOTER
2000,12413857.55304348,0.075,0.5674584,SCOOTER
2000,12423965.55304348,0.1,0.56791216,SCOOTER
2000,12430897.55304348,0.125,0.5682233,SCOOTER
2000,12437296.55304348,0.15,0.5685106,SCOOTER
2000,12441940.55304348,0.175,0.568719,SCOOTER
2000,12448000.55304348,0.2,0.56899107,SCOOTER
2000,12453988.55304348,0.225,0.5692599,SCOOTER
2000,12465264.55304348,0.25,0.56976604,SCOOTER
2000,12473507.55304348,0.275,0.5701361,SCOOTER
2000,12480411.55304348,0.3,0.570446,SCOOTER
2000,12491044.55304348,0.325,0.5709233,SCOOTER
2000,12502624.55304348,0.35,0.57144314,SCOOTER
2000,12516181.55304348,0.375,0.5720517,SCOOTER
2000,12526834.55304348,0.4,0.5725299,SCOOTER
2000,12535914.55304348,0.425,0.57293755,SCOOTER
2000,12542208.55304348,0.45,0.5732201,SCOOTER
2000,12550018.55304348,0.475,0.57357067,SCOOTER
2000,12556653.55304348,0.5,0.5738685,SCOOTER
2000,12562798.55304348,0.525,0.57414436,SCOOTER
2000,12568512.55304348,0.55,0.57440084,SCOOTER
2000,12574890.55304348,0.575,0.5746872,SCOOTER
2000,12579793.55304348,0.6,0.57490724,SCOOTER
2000,12587230.55304348,0.625,0.5752411,SCOOTER
2000,12590946.55304348,0.65,0.5754079,SCOOTER
2000,12598638.55304348,0.675,0.5757532,SCOOTER
2000,12602089.55304348,0.7,0.5759081,SCOOTER
2000,12607605.55304348,0.725,0.5761557,SCOOTER
2000,12612497.55304348,0.75,0.57637537,SCOOTER
2000,12620209.55304348,0.775,0.57672155,SCOOTER
2000,12632922.55304348,0.8,0.5772922,SCOOTER
2000,12639017.55304348,0.825,0.57756585,SCOOTER
2000,12648542.55304348,0.85,0.5779934,SCOOTER
2000,12656984.55304348,0.875,0.57837236,SCOOTER
2000,12665110.55304348,0.9,0.57873714,SCOOTER
2000,12679435.55304348,0.925,0.5793802,SCOOTER
2000,12691096.55304348,0.95,0.57990366,SCOOTER
2000,12712237.55304348,0.975,0.5808527,SCOOTER
2000,12800602.55304348,1.0,0.5848194,SCOOTER
2001,12237895.55304348,0.0,0.5563404,SCOOTER
2001,12300152.55304348,0.025,0.55911905,SCOOTER
2001,12319984.55304348,0.05,0.5600042,SCOOTER
2001,12333539.55304348,0.075,0.56060916,SCOOTER
2001,12341356.55304348,0.1,0.560958,SCOOTER
2001,12352014.55304348,0.125,0.56143373,SCOOTER
2001,12363157.55304348,0.15,0.5619311,SCOOTER
2001,12369334.55304348,0.175,0.56220675,SCOOTER
2001,12376492.55304348,0.2,0.5625262,SCOOTER
2001,12386169.55304348,0.225,0.5629581,SCOOTER
2001,12396526.55304348,0.25,0.56342036,SCOOTER
2001,12403709.55304348,0.275,0.56374097,SCOOTER
2001,12416921.55304348,0.3,0.56433064,SCOOTER
2001,12430738.55304348,0.325,0.5649473,SCOOTER
2001,12449158.55304348,0.35,0.56576943,SCOOTER
2001,12472733.55304348,0.375,0.56682163,SCOOTER
2001,12481240.55304348,0.4,0.5672013,SCOOTER
2001,12488251.55304348,0.425,0.56751424,SCOOTER
2001,12496453.55304348,0.45,0.5678803,SCOOTER
2001,12505977.55304348,0.475,0.5683054,SCOOTER
2001,12512068.55304348,0.5,0.56857723,SCOOTER
2001,12517689.55304348,0.525,0.5688281,SCOOTER
2001,12523321.55304348,0.55,0.56907946,SCOOTER
2001,12531708.55304348,0.575,0.5694538,SCOOTER
2001,12536884.55304348,0.6,0.5696848,SCOOTER
2001,12543785.55304348,0.625,0.5699928,SCOOTER
2001,12552696.55304348,0.65,0.5703905,SCOOTER
2001,12557004.55304348,0.675,0.5705828,SCOOTER
2001,12562905.55304348,0.7,0.57084614,SCOOTER
2001,12567131.55304348,0.725,0.5710348,SCOOTER
2001,12576602.55304348,0.75,0.5714575,SCOOTER
2001,12583385.55304348,0.775,0.57176024,SCOOTER
2001,12591673.55304348,0.8,0.57213014,SCOOTER
2001,12599215.55304348,0.825,0.57246673,SCOOTER
2001,12606261.55304348,0.85,0.5727812,SCOOTER
2001,12619665.55304348,0.875,0.57337946,SCOOTER
2001,12628638.55304348,0.9,0.57377994,SCOOTER
2001,12637313.55304348,0.925,0.57416713,SCOOTER
2001,12651859.55304348,0.95,0.57481635,SCOOTER
2001,12685715.55304348,0.975,0.5763274,SCOOTER
2001,12798852.55304348,1.0,0.5813769,SCOOTER
2002,12314144.55304348,0.0,0.55688006,SCOOTER
2002,12375083.55304348,0.025,0.559586,SCOOTER
2002,12391783.55304348,0.05,0.56032753,SCOOTER
2002,12406928.55304348,0.075,0.561,SCOOTER
2002,12416174.55304348,0.1,0.56141055,SCOOTER
2002,12424016.55304348,0.125,0.56175876,SCOOTER
2002,12430556.55304348,0.15,0.56204915,SCOOTER
2002,12437591.55304348,0.175,0.56236154,SCOOTER
2002,12446026.55304348,0.2,0.5627361,SCOOTER
2002,12452374.55304348,0.225,0.56301796,SCOOTER
2002,12462612.55304348,0.25,0.56347257,SCOOTER
2002,12471203.55304348,0.275,0.56385404,SCOOTER
2002,12484816.55304348,0.3,0.5644585,SCOOTER
2002,12491501.55304348,0.325,0.5647553,SCOOTER
2002,12500823.55304348,0.35,0.5651693,SCOOTER
2002,12521623.55304348,0.375,0.56609285,SCOOTER
2002,12543942.55304348,0.4,0.5670839,SCOOTER
2002,12554757.55304348,0.425,0.56756413,SCOOTER
2002,12564594.55304348,0.45,0.5680009,SCOOTER
2002,12573453.55304348,0.475,0.5683943,SCOOTER
2002,12578396.55304348,0.5,0.56861377,SCOOTER
2002,12584479.55304348,0.525,0.5688839,SCOOTER
2002,12591254.55304348,0.55,0.5691847,SCOOTER
2002,12598555.55304348,0.575,0.5695089,SCOOTER
2002,12605710.55304348,0.6,0.5698266,SCOOTER
2002,12611274.55304348,0.625,0.57007366,SCOOTER
2002,12617549.55304348,0.65,0.5703523,SCOOTER
2002,12626170.55304348,0.675,0.5707351,SCOOTER
2002,12630414.55304348,0.7,0.57092357,SCOOTER
2002,12635149.55304348,0.725,0.5711338,SCOOTER
2002,12641713.55304348,0.75,0.57142526,SCOOTER
2002,12650994.55304348,0.775,0.57183737,SCOOTER
2002,12662647.55304348,0.8,0.5723548,SCOOTER
2002,12670579.55304348,0.825,0.572707,SCOOTER
2002,12679159.55304348,0.85,0.573088,SCOOTER
2002,12691911.55304348,0.875,0.57365423,SCOOTER
2002,12697071.55304348,0.9,0.57388335,SCOOTER
2002,12706692.55304348,0.925,0.57431054,SCOOTER
2002,12723129.55304348,0.95,0.5750404,SCOOTER
2002,12745842.55304348,0.975,0.576049,SCOOTER
2002,12870750.55304348,1.0,0.5815953,SCOOTER
2003,12524455.55304348,0.0,0.5641202,SCOOTER
2003,12570131.55304348,0.025,0.56614083,SCOOTER
2003,12596876.55304348,0.05,0.567324,SCOOTER
2003,12610205.55304348,0.075,0.56791365,SCOOTER
2003,12620359.55304348,0.1,0.56836283,SCOOTER
2003,12629671.55304348,0.125,0.5687748,SCOOTER
2003,12636850.55304348,0.15,0.5690924,SCOOTER
2003,12642362.55304348,0.175,0.56933624,SCOOTER
2003,12647870.55304348,0.2,0.5695799,SCOOTER
2003,12658764.55304348,0.225,0.57006186,SCOOTER
2003,12667391.55304348,0.25,0.5704435,SCOOTER
2003,12680605.55304348,0.275,0.57102805,SCOOTER
2003,12688427.55304348,0.3,0.5713741,SCOOTER
2003,12698664.55304348,0.325,0.571827,SCOOTER
2003,12709943.55304348,0.35,0.57232594,SCOOTER
2003,12718333.55304348,0.375,0.5726971,SCOOTER
2003,12728558.55304348,0.4,0.57314944,SCOOTER
2003,12737621.55304348,0.425,0.5735504,SCOOTER
2003,12748745.55304348,0.45,0.5740425,SCOOTER
2003,12756184.55304348,0.475,0.5743716,SCOOTER
2003,12761112.55304348,0.5,0.5745896,SCOOTER
2003,12768958.55304348,0.525,0.5749367,SCOOTER
2003,12776689.55304348,0.55,0.5752787,SCOOTER
2003,12782271.55304348,0.575,0.57552564,SCOOTER
2003,12790263.55304348,0.6,0.5758792,SCOOTER
2003,12794694.55304348,0.625,0.57607526,SCOOTER
2003,12798904.55304348,0.65,0.57626146,SCOOTER
2003,12805143.55304348,0.675,0.5765375,SCOOTER
2003,12809182.55304348,0.7,0.5767162,SCOOTER
2003,12814316.55304348,0.725,0.5769433,SCOOTER
2003,12819388.55304348,0.75,0.5771677,SCOOTER
2003,12826706.55304348,0.775,0.5774914,SCOOTER
2003,12833672.55304348,0.8,0.57779956,SCOOTER
2003,12840261.55304348,0.825,0.5780911,SCOOTER
2003,12847509.55304348,0.85,0.5784117,SCOOTER
2003,12858836.55304348,0.875,0.5789128,SCOOTER
2003,12866534.55304348,0.9,0.5792534,SCOOTER
2003,12877622.55304348,0.925,0.57974386,SCOOTER
2003,12892803.55304348,0.95,0.5804155,SCOOTER
2003,12908678.55304348,0.975,0.58111775,SCOOTER
2003,13027669.55304348,1.0,0.5863818,SCOOTER
2004,12684150.55304348,0.0,0.56905586,SCOOTER
2004,12725519.55304348,0.025,0.57087916,SCOOTER
2004,12748214.55304348,0.05,0.5718794,SCOOTER
2004,12757031.55304348,0.075,0.572268,SCOOTER
2004,12765796.55304348,0.1,0.5726543,SCOOTER
2004,12775809.55304348,0.125,0.5730956,SCOOTER
2004,12780614.55304348,0.15,0.5733074,SCOOTER
2004,12785392.55304348,0.175,0.573518,SCOOTER
2004,12790484.55304348,0.2,0.5737424,SCOOTER
2004,12797880.55304348,0.225,0.57406837,SCOOTER
2004,12803105.55304348,0.25,0.5742987,SCOOTER
2004,12812560.55304348,0.275,0.5747154,SCOOTER
2004,12821948.55304348,0.3,0.57512915,SCOOTER
2004,12829067.55304348,0.325,0.5754429,SCOOTER
2004,12836279.55304348,0.35,0.5757608,SCOOTER
2004,12850337.55304348,0.375,0.5763804,SCOOTER
2004,12861498.55304348,0.4,0.5768723,SCOOTER
2004,12872248.55304348,0.425,0.5773461,SCOOTER
2004,12880956.55304348,0.45,0.5777299,SCOOTER
2004,12889682.55304348,0.475,0.57811445,SCOOTER
2004,12895597.55304348,0.5,0.57837516,SCOOTER
2004,12899996.55304348,0.525,0.57856905,SCOOTER
2004,12906305.55304348,0.55,0.5788471,SCOOTER
2004,12911696.55304348,0.575,0.5790847,SCOOTER
2004,12917562.55304348,0.6,0.57934326,SCOOTER
2004,12922209.55304348,0.625,0.57954806,SCOOTER
2004,12927950.55304348,0.65,0.5798011,SCOOTER
2004,12933136.55304348,0.675,0.58002967,SCOOTER
2004,12937899.55304348,0.7,0.5802396,SCOOTER
2004,12944097.55304348,0.725,0.58051276,SCOOTER
2004,12949836.55304348,0.75,0.58076566,SCOOTER
2004,12958945.55304348,0.775,0.58116716,SCOOTER
2004,12967022.55304348,0.8,0.5815231,SCOOTER
2004,12974568.55304348,0.825,0.5818557,SCOOTER
2004,12981965.55304348,0.85,0.58218175,SCOOTER
2004,12987357.55304348,0.875,0.5824194,SCOOTER
2004,12993685.55304348,0.9,0.5826983,SCOOTER
2004,13003541.55304348,0.925,0.5831327,SCOOTER
2004,13014441.55304348,0.95,0.5836131,SCOOTER
2004,13041278.55304348,0.975,0.5847959,SCOOTER
2004,13144701.55304348,1.0,0.58935416,SCOOTER
2005,12831331.55304348,0.0,0.5734888,SCOOTER
2005,12860327.55304348,0.025,0.57476217,SCOOTER
2005,12878909.55304348,0.05,0.5755782,SCOOTER
2005,12895354.55304348,0.075,0.57630044,SCOOTER
2005,12903745.55304348,0.1,0.5766689,SCOOTER
2005,12912630.55304348,0.125,0.57705915,SCOOTER
2005,12921543.55304348,0.15,0.5774506,SCOOTER
2005,12928549.55304348,0.175,0.57775825,SCOOTER
2005,12933089.55304348,0.2,0.57795763,SCOOTER
2005,12939807.55304348,0.225,0.5782527,SCOOTER
2005,12950950.55304348,0.25,0.578742,SCOOTER
2005,12957974.55304348,0.275,0.5790505,SCOOTER
2005,12963278.55304348,0.3,0.5792834,SCOOTER
2005,12971756.55304348,0.325,0.57965577,SCOOTER
2005,12978821.55304348,0.35,0.579966,SCOOTER
2005,12988320.55304348,0.375,0.5803832,SCOOTER
2005,12995286.55304348,0.4,0.58068913,SCOOTER
2005,13006820.55304348,0.425,0.58119565,SCOOTER
2005,13013386.55304348,0.45,0.581484,SCOOTER
2005,13020229.55304348,0.475,0.58178455,SCOOTER
2005,13025208.55304348,0.5,0.5820032,SCOOTER
2005,13029009.55304348,0.525,0.5821701,SCOOTER
2005,13034353.55304348,0.55,0.5824048,SCOOTER
2005,13041101.55304348,0.575,0.58270115,SCOOTER
2005,13045228.55304348,0.6,0.5828824,SCOOTER
2005,13048177.55304348,0.625,0.5830119,SCOOTER
2005,13052596.55304348,0.65,0.583206,SCOOTER
2005,13059123.55304348,0.675,0.58349264,SCOOTER
2005,13062024.55304348,0.7,0.58362,SCOOTER
2005,13068071.55304348,0.725,0.5838856,SCOOTER
2005,13073940.55304348,0.75,0.58414334,SCOOTER
2005,13081956.55304348,0.775,0.58449537,SCOOTER
2005,13090019.55304348,0.8,0.5848495,SCOOTER
2005,13099688.55304348,0.825,0.5852741,SCOOTER
2005,13105820.55304348,0.85,0.5855434,SCOOTER
2005,13112587.55304348,0.875,0.5858406,SCOOTER
2005,13118529.55304348,0.9,0.58610153,SCOOTER
2005,13128082.55304348,0.925,0.5865211,SCOOTER
2005,13139084.55304348,0.95,0.58700424,SCOOTER
2005,13157705.55304348,0.975,0.587822,SCOOTER
2005,13241399.55304348,1.0,0.5914976,SCOOTER
2006,12977880.55304348,0.0,0.5772339,SCOOTER
2006,13027117.55304348,0.025,0.57938623,SCOOTER
2006,13038172.55304348,0.05,0.57986945,SCOOTER
2006,13048023.55304348,0.075,0.5803001,SCOOTER
2006,13057241.55304348,0.1,0.580703,SCOOTER
2006,13063828.55304348,0.125,0.58099097,SCOOTER
2006,13070492.55304348,0.15,0.58128226,SCOOTER
2006,13076010.55304348,0.175,0.5815235,SCOOTER
2006,13085349.55304348,0.2,0.5819317,SCOOTER
2006,13094035.55304348,0.225,0.5823114,SCOOTER
2006,13099710.55304348,0.25,0.58255947,SCOOTER
2006,13107603.55304348,0.275,0.5829045,SCOOTER
2006,13116167.55304348,0.3,0.58327883,SCOOTER
2006,13120366.55304348,0.325,0.5834624,SCOOTER
2006,13127658.55304348,0.35,0.5837812,SCOOTER
2006,13139726.55304348,0.375,0.5843087,SCOOTER
2006,13147648.55304348,0.4,0.584655,SCOOTER
2006,13155348.55304348,0.425,0.5849916,SCOOTER
2006,13160689.55304348,0.45,0.58522505,SCOOTER
2006,13165626.55304348,0.475,0.5854409,SCOOTER
2006,13171445.55304348,0.5,0.5856952,SCOOTER
2006,13178801.55304348,0.525,0.5860168,SCOOTER
2006,13184203.55304348,0.55,0.5862529,SCOOTER
2006,13189599.55304348,0.575,0.5864888,SCOOTER
2006,13192746.55304348,0.6,0.58662635,SCOOTER
2006,13196966.55304348,0.625,0.5868108,SCOOTER
2006,13200203.55304348,0.65,0.5869523,SCOOTER
2006,13203271.55304348,0.675,0.58708644,SCOOTER
2006,13207426.55304348,0.7,0.58726805,SCOOTER
2006,13211408.55304348,0.725,0.5874421,SCOOTER
2006,13217993.55304348,0.75,0.58773,SCOOTER
2006,13228775.55304348,0.775,0.5882013,SCOOTER
2006,13234704.55304348,0.8,0.58846045,SCOOTER
2006,13239678.55304348,0.825,0.5886779,SCOOTER
2006,13244606.55304348,0.85,0.5888933,SCOOTER
2006,13248966.55304348,0.875,0.5890839,SCOOTER
2006,13254929.55304348,0.9,0.58934456,SCOOTER
2006,13264312.55304348,0.925,0.5897547,SCOOTER
2006,13276416.55304348,0.95,0.5902838,SCOOTER
2006,13298500.55304348,0.975,0.59124917,SCOOTER
2006,13390859.55304348,1.0,0.5952864,SCOOTER
2007,13080945.55304348,0.0,0.57966566,SCOOTER
2007,13123772.55304348,0.025,0.58153105,SCOOTER
2007,13144035.55304348,0.05,0.5824137,SCOOTER
2007,13151980.55304348,0.075,0.58275974,SCOOTER
2007,13156904.55304348,0.1,0.5829742,SCOOTER
2007,13164363.55304348,0.125,0.5832991,SCOOTER
2007,13171545.55304348,0.15,0.5836119,SCOOTER
2007,13176671.55304348,0.175,0.5838352,SCOOTER
2007,13181926.55304348,0.2,0.58406407,SCOOTER
2007,13187616.55304348,0.225,0.5843119,SCOOTER
2007,13194510.55304348,0.25,0.5846122,SCOOTER
2007,13199296.55304348,0.275,0.5848207,SCOOTER
2007,13208462.55304348,0.3,0.5852199,SCOOTER
2007,13215774.55304348,0.325,0.5855384,SCOOTER
2007,13221191.55304348,0.35,0.58577436,SCOOTER
2007,13229173.55304348,0.375,0.58612204,SCOOTER
2007,13237623.55304348,0.4,0.5864901,SCOOTER
2007,13245871.55304348,0.425,0.58684933,SCOOTER
2007,13251291.55304348,0.45,0.5870854,SCOOTER
2007,13257743.55304348,0.475,0.58736646,SCOOTER
2007,13261478.55304348,0.5,0.5875291,SCOOTER
2007,13266627.55304348,0.525,0.5877534,SCOOTER
2007,13271949.55304348,0.55,0.5879852,SCOOTER
2007,13278947.55304348,0.575,0.58829004,SCOOTER
2007,13282383.55304348,0.6,0.5884397,SCOOTER
2007,13287416.55304348,0.625,0.5886589,SCOOTER
2007,13292390.55304348,0.65,0.5888756,SCOOTER
2007,13296942.55304348,0.675,0.58907384,SCOOTER
2007,13300976.55304348,0.7,0.58924955,SCOOTER
2007,13306292.55304348,0.725,0.5894811,SCOOTER
2007,13311024.55304348,0.75,0.5896872,SCOOTER
2007,13321101.55304348,0.775,0.59012616,SCOOTER
2007,13328150.55304348,0.8,0.5904332,SCOOTER
2007,13336321.55304348,0.825,0.5907891,SCOOTER
2007,13340688.55304348,0.85,0.5909793,SCOOTER
2007,13344813.55304348,0.875,0.591159,SCOOTER
2007,13350091.55304348,0.9,0.5913889,SCOOTER
2007,13359642.55304348,0.925,0.59180486,SCOOTER
2007,13371874.55304348,0.95,0.59233767,SCOOTER
2007,13392615.55304348,0.975,0.5932411,SCOOTER
2007,13480238.55304348,1.0,0.5970577,SCOOTER
2008,13177564.55304348,0.0,0.58188015,SCOOTER
2008,13214642.55304348,0.025,0.58348966,SCOOTER
2008,13230291.55304348,0.05,0.584169,SCOOTER
2008,13241996.55304348,0.075,0.58467704,SCOOTER
2008,13249713.55304348,0.1,0.585012,SCOOTER
2008,13256897.55304348,0.125,0.58532387,SCOOTER
2008,13264505.55304348,0.15,0.58565414,SCOOTER
2008,13271174.55304348,0.175,0.58594364,SCOOTER
2008,13277204.55304348,0.2,0.58620536,SCOOTER
2008,13283447.55304348,0.225,0.5864764,SCOOTER
2008,13288381.55304348,0.25,0.58669055,SCOOTER
2008,13294403.55304348,0.275,0.586952,SCOOTER
2008,13298008.55304348,0.3,0.58710843,SCOOTER
2008,13306823.55304348,0.325,0.5874911,SCOOTER
2008,13313554.55304348,0.35,0.5877833,SCOOTER
2008,13319637.55304348,0.375,0.5880473,SCOOTER
2008,13330402.55304348,0.4,0.5885146,SCOOTER
2008,13339826.55304348,0.425,0.5889237,SCOOTER
2008,13346336.55304348,0.45,0.5892063,SCOOTER
2008,13349925.55304348,0.475,0.5893621,SCOOTER
2008,13353582.55304348,0.5,0.5895208,SCOOTER
2008,13357992.55304348,0.525,0.58971226,SCOOTER
2008,13363879.55304348,0.55,0.5899678,SCOOTER
2008,13369230.55304348,0.575,0.59020007,SCOOTER
2008,13372960.55304348,0.6,0.590362,SCOOTER
2008,13377162.55304348,0.625,0.5905444,SCOOTER
2008,13380870.55304348,0.65,0.59070534,SCOOTER
2008,13384305.55304348,0.675,0.59085447,SCOOTER
2008,13389820.55304348,0.7,0.59109384,SCOOTER
2008,13393914.55304348,0.725,0.5912716,SCOOTER
2008,13399019.55304348,0.75,0.5914932,SCOOTER
2008,13404321.55304348,0.775,0.5917233,SCOOTER
2008,13413697.55304348,0.8,0.5921303,SCOOTER
2008,13422887.55304348,0.825,0.59252924,SCOOTER
2008,13429264.55304348,0.85,0.59280604,SCOOTER
2008,13434123.55304348,0.875,0.593017,SCOOTER
2008,13439942.55304348,0.9,0.5932696,SCOOTER
2008,13449827.55304348,0.925,0.5936987,SCOOTER
2008,13458556.55304348,0.95,0.5940776,SCOOTER
2008,13478657.55304348,0.975,0.59495014,SCOOTER
2008,13565019.55304348,1.0,0.598699,SCOOTER
2009,13134719.55304348,0.0,0.5779446,SCOOTER
2009,13170321.55304348,0.025,0.57948446,SCOOTER
2009,13192859.55304348,0.05,0.5804593,SCOOTER
2009,13203101.55304348,0.075,0.5809023,SCOOTER
2009,13212499.55304348,0.1,0.5813088,SCOOTER
2009,13219557.55304348,0.125,0.5816141,SCOOTER
2009,13227627.55304348,0.15,0.5819631,SCOOTER
2009,13234181.55304348,0.175,0.5822466,SCOOTER
2009,13239903.55304348,0.2,0.5824941,SCOOTER
2009,13245050.55304348,0.225,0.5827167,SCOOTER
2009,13249833.55304348,0.25,0.5829236,SCOOTER
2009,13259827.55304348,0.275,0.58335584,SCOOTER
2009,13269021.55304348,0.3,0.5837535,SCOOTER
2009,13275563.55304348,0.325,0.58403647,SCOOTER
2009,13281348.55304348,0.35,0.5842867,SCOOTER
2009,13290747.55304348,0.375,0.58469325,SCOOTER
2009,13301034.55304348,0.4,0.5851382,SCOOTER
2009,13307705.55304348,0.425,0.58542675,SCOOTER
2009,13316497.55304348,0.45,0.585807,SCOOTER
2009,13320736.55304348,0.475,0.58599037,SCOOTER
2009,13326636.55304348,0.5,0.58624554,SCOOTER
2009,13330570.55304348,0.525,0.5864157,SCOOTER
2009,13334678.55304348,0.55,0.5865934,SCOOTER
2009,13339672.55304348,0.575,0.5868094,SCOOTER
2009,13345340.55304348,0.6,0.58705455,SCOOTER
2009,13350100.55304348,0.625,0.5872604,SCOOTER
2009,13354177.55304348,0.65,0.5874368,SCOOTER
2009,13359180.55304348,0.675,0.58765316,SCOOTER
2009,13362575.55304348,0.7,0.5878,SCOOTER
2009,13367267.55304348,0.725,0.588003,SCOOTER
2009,13371411.55304348,0.75,0.5881822,SCOOTER
2009,13376912.55304348,0.775,0.58842015,SCOOTER
2009,13385996.55304348,0.8,0.58881307,SCOOTER
2009,13397856.55304348,0.825,0.589326,SCOOTER
2009,13403295.55304348,0.85,0.5895613,SCOOTER
2009,13410545.55304348,0.875,0.58987486,SCOOTER
2009,13416512.55304348,0.9,0.59013295,SCOOTER
2009,13429479.55304348,0.925,0.59069383,SCOOTER
2009,13440560.55304348,0.95,0.5911731,SCOOTER
2009,13462358.55304348,0.975,0.59211594,SCOOTER
2009,13553036.55304348,1.0,0.59603804,SCOOTER
2010,13282024.55304348,0.0,0.58324754,SCOOTER
2010,13319886.55304348,0.025,0.5848822,SCOOTER
2010,13333621.55304348,0.05,0.5854752,SCOOTER
2010,13344923.55304348,0.075,0.58596313,SCOOTER
2010,13352782.55304348,0.1,0.58630246,SCOOTER
2010,13359662.55304348,0.125,0.58659947,SCOOTER
2010,13364256.55304348,0.15,0.58679783,SCOOTER
2010,13371264.55304348,0.175,0.5871004,SCOOTER
2010,13379257.55304348,0.2,0.5874455,SCOOTER
2010,13384592.55304348,0.225,0.5876758,SCOOTER
2010,13390937.55304348,0.25,0.58794975,SCOOTER
2010,13399347.55304348,0.275,0.58831286,SCOOTER
2010,13406988.55304348,0.3,0.5886427,SCOOTER
2010,13413704.55304348,0.325,0.5889327,SCOOTER
2010,13420463.55304348,0.35,0.5892245,SCOOTER
2010,13428239.55304348,0.375,0.5895602,SCOOTER
2010,13435928.55304348,0.4,0.5898922,SCOOTER
2010,13442668.55304348,0.425,0.5901832,SCOOTER
2010,13447529.55304348,0.45,0.59039307,SCOOTER
2010,13452559.55304348,0.475,0.5906102,SCOOTER
2010,13455350.55304348,0.5,0.5907307,SCOOTER
2010,13461006.55304348,0.525,0.5909749,SCOOTER
2010,13466294.55304348,0.55,0.5912032,SCOOTER
2010,13470585.55304348,0.575,0.59138846,SCOOTER
2010,13472999.55304348,0.6,0.5914927,SCOOTER
2010,13479779.55304348,0.625,0.59178543,SCOOTER
2010,13483954.55304348,0.65,0.5919657,SCOOTER
2010,13486432.55304348,0.675,0.59207267,SCOOTER
2010,13491712.55304348,0.7,0.5923006,SCOOTER
2010,13495519.55304348,0.725,0.592465,SCOOTER
2010,13501198.55304348,0.75,0.59271014,SCOOTER
2010,13508388.55304348,0.775,0.59302056,SCOOTER
2010,13516664.55304348,0.8,0.5933779,SCOOTER
2010,13525166.55304348,0.825,0.59374493,SCOOTER
2010,13531116.55304348,0.85,0.5940018,SCOOTER
2010,13534345.55304348,0.875,0.59414124,SCOOTER
2010,13540489.55304348,0.9,0.5944065,SCOOTER
2010,13548891.55304348,0.925,0.59476924,SCOOTER
2010,13558852.55304348,0.95,0.5951993,SCOOTER
2010,13578472.55304348,0.975,0.5960464,SCOOTER
2010,13661144.55304348,1.0,0.59961563,SCOOTER
2011,13381777.55304348,0.0,0.5859658,SCOOTER
2011,13417589.55304348,0.025,0.5875078,SCOOTER
2011,13436918.55304348,0.05,0.58834004,SCOOTER
2011,13447762.55304348,0.075,0.5888069,SCOOTER
2011,13456384.55304348,0.1,0.5891782,SCOOTER
2011,13463653.55304348,0.125,0.5894912,SCOOTER
2011,13467871.55304348,0.15,0.5896728,SCOOTER
2011,13472268.55304348,0.175,0.5898621,SCOOTER
2011,13478049.55304348,0.2,0.590111,SCOOTER
2011,13482753.55304348,0.225,0.59031355,SCOOTER
2011,13489583.55304348,0.25,0.59060764,SCOOTER
2011,13497236.55304348,0.275,0.59093714,SCOOTER
2011,13501107.55304348,0.3,0.59110385,SCOOTER
2011,13506379.55304348,0.325,0.5913308,SCOOTER
2011,13516616.55304348,0.35,0.5917716,SCOOTER
2011,13524983.55304348,0.375,0.59213185,SCOOTER
2011,13531050.55304348,0.4,0.5923931,SCOOTER
2011,13540481.55304348,0.425,0.5927992,SCOOTER
2011,13547427.55304348,0.45,0.5930982,SCOOTER
2011,13550037.55304348,0.475,0.59321064,SCOOTER
2011,13553411.55304348,0.5,0.5933559,SCOOTER
2011,13560022.55304348,0.525,0.59364057,SCOOTER
2011,13563486.55304348,0.55,0.5937897,SCOOTER
2011,13567001.55304348,0.575,0.59394103,SCOOTER
2011,13570115.55304348,0.6,0.59407514,SCOOTER
2011,13575758.55304348,0.625,0.5943181,SCOOTER
2011,13579176.55304348,0.65,0.59446526,SCOOTER
2011,13582619.55304348,0.675,0.5946135,SCOOTER
2011,13588117.55304348,0.7,0.59485024,SCOOTER
2011,13591863.55304348,0.725,0.59501153,SCOOTER
2011,13596822.55304348,0.75,0.59522504,SCOOTER
2011,13605418.55304348,0.775,0.5955952,SCOOTER
2011,13611274.55304348,0.8,0.5958473,SCOOTER
2011,13618562.55304348,0.825,0.5961611,SCOOTER
2011,13622825.55304348,0.85,0.59634465,SCOOTER
2011,13628942.55304348,0.875,0.59660804,SCOOTER
2011,13634305.55304348,0.9,0.59683895,SCOOTER
2011,13641165.55304348,0.925,0.59713435,SCOOTER
2011,13651603.55304348,0.95,0.5975838,SCOOTER
2011,13668211.55304348,0.975,0.59829885,SCOOTER
2011,13748544.55304348,1.0,0.60175776,SCOOTER
2012,13522646.55304348,0.0,0.5897229,SCOOTER
2012,13561763.55304348,0.025,0.59140056,SCOOTER
2012,13578005.55304348,0.05,0.59209716,SCOOTER
2012,13584956.55304348,0.075,0.5923953,SCOOTER
2012,13592002.55304348,0.1,0.5926975,SCOOTER
2012,13596400.55304348,0.125,0.59288615,SCOOTER
2012,13603081.55304348,0.15,0.59317267,SCOOTER
2012,13608402.55304348,0.175,0.5934009,SCOOTER
2012,13615577.55304348,0.2,0.59370863,SCOOTER
2012,13619988.55304348,0.225,0.5938978,SCOOTER
2012,13627059.55304348,0.25,0.5942011,SCOOTER
2012,13633831.55304348,0.275,0.59449154,SCOOTER
2012,13639731.55304348,0.3,0.59474456,SCOOTER
2012,13644762.55304348,0.325,0.59496033,SCOOTER
2012,13651214.55304348,0.35,0.5952371,SCOOTER
2012,13659697.55304348,0.375,0.5956009,SCOOTER
2012,13664981.55304348,0.4,0.5958275,SCOOTER
2012,13669063.55304348,0.425,0.5960026,SCOOTER
2012,13672273.55304348,0.45,0.59614027,SCOOTER
2012,13677801.55304348,0.475,0.5963774,SCOOTER
2012,13681017.55304348,0.5,0.5965153,SCOOTER
2012,13683719.55304348,0.525,0.59663117,SCOOTER
2012,13688373.55304348,0.55,0.5968308,SCOOTER
2012,13692656.55304348,0.575,0.5970145,SCOOTER
2012,13694225.55304348,0.6,0.5970818,SCOOTER
2012,13696082.55304348,0.625,0.5971614,SCOOTER
2012,13701691.55304348,0.65,0.597402,SCOOTER
2012,13705297.55304348,0.675,0.59755665,SCOOTER
2012,13711566.55304348,0.7,0.5978255,SCOOTER
2012,13716716.55304348,0.725,0.5980464,SCOOTER
2012,13720144.55304348,0.75,0.5981934,SCOOTER
2012,13724996.55304348,0.775,0.59840155,SCOOTER
2012,13733464.55304348,0.8,0.5987647,SCOOTER
2012,13739683.55304348,0.825,0.59903145,SCOOTER
2012,13745659.55304348,0.85,0.59928775,SCOOTER
2012,13752920.55304348,0.875,0.5995992,SCOOTER
2012,13759353.55304348,0.9,0.5998751,SCOOTER
2012,13765365.55304348,0.925,0.60013294,SCOOTER
2012,13769970.55304348,0.95,0.6003304,SCOOTER
2012,13789020.55304348,0.975,0.6011475,SCOOTER
2012,13864555.55304348,1.0,0.6043871,SCOOTER
2013,13589910.55304348,0.0,0.591145,SCOOTER
2013,13624225.55304348,0.025,0.5926131,SCOOTER
2013,13642315.55304348,0.05,0.59338707,SCOOTER
2013,13648910.55304348,0.075,0.59366924,SCOOTER
2013,13658615.55304348,0.1,0.59408444,SCOOTER
2013,13663620.55304348,0.125,0.59429854,SCOOTER
2013,13670293.55304348,0.15,0.59458405,SCOOTER
2013,13676197.55304348,0.175,0.59483665,SCOOTER
2013,13682354.55304348,0.2,0.59510005,SCOOTER
2013,13688541.55304348,0.225,0.59536475,SCOOTER
2013,13692741.55304348,0.25,0.59554446,SCOOTER
2013,13698257.55304348,0.275,0.59578043,SCOOTER
2013,13704233.55304348,0.3,0.59603614,SCOOTER
2013,13708615.55304348,0.325,0.5962236,SCOOTER
2013,13715805.55304348,0.35,0.5965312,SCOOTER
2013,13720816.55304348,0.375,0.5967456,SCOOTER
2013,13725044.55304348,0.4,0.5969265,SCOOTER
2013,13729940.55304348,0.425,0.59713596,SCOOTER
2013,13735071.55304348,0.45,0.5973555,SCOOTER
2013,13737955.55304348,0.475,0.59747887,SCOOTER
2013,13744148.55304348,0.5,0.5977438,SCOOTER
2013,13748388.55304348,0.525,0.59792525,SCOOTER
2013,13751562.55304348,0.55,0.598061,SCOOTER
2013,13756817.55304348,0.575,0.59828585,SCOOTER
2013,13758929.55304348,0.6,0.5983762,SCOOTER
2013,13761667.55304348,0.625,0.59849334,SCOOTER
2013,13766984.55304348,0.65,0.59872085,SCOOTER
2013,13772003.55304348,0.675,0.59893554,SCOOTER
2013,13777267.55304348,0.7,0.5991608,SCOOTER
2013,13781189.55304348,0.725,0.5993286,SCOOTER
2013,13785062.55304348,0.75,0.5994943,SCOOTER
2013,13789768.55304348,0.775,0.5996956,SCOOTER
2013,13794520.55304348,0.8,0.59989893,SCOOTER
2013,13801730.55304348,0.825,0.6002074,SCOOTER
2013,13807115.55304348,0.85,0.60043776,SCOOTER
2013,13809668.55304348,0.875,0.600547,SCOOTER
2013,13817327.55304348,0.9,0.60087466,SCOOTER
2013,13824705.55304348,0.925,0.6011903,SCOOTER
2013,13831607.55304348,0.95,0.6014856,SCOOTER
2013,13849792.55304348,0.975,0.6022636,SCOOTER
2013,13913316.55304348,1.0,0.6049814,SCOOTER
2014,13659719.55304348,0.0,0.59260446,SCOOTER
2014,13702841.55304348,0.025,0.59444463,SCOOTER
2014,13715643.55304348,0.05,0.5949909,SCOOTER
2014,13721929.55304348,0.075,0.5952592,SCOOTER
2014,13732432.55304348,0.1,0.59570736,SCOOTER
2014,13737470.55304348,0.125,0.59592235,SCOOTER
2014,13743636.55304348,0.15,0.5961855,SCOOTER
2014,13750063.55304348,0.175,0.59645975,SCOOTER
2014,13757668.55304348,0.2,0.5967843,SCOOTER
2014,13760055.55304348,0.225,0.59688616,SCOOTER
2014,13763839.55304348,0.25,0.5970476,SCOOTER
2014,13771391.55304348,0.275,0.5973699,SCOOTER
2014,13777810.55304348,0.3,0.5976438,SCOOTER
2014,13782176.55304348,0.325,0.5978301,SCOOTER
2014,13788935.55304348,0.35,0.59811854,SCOOTER
2014,13792827.55304348,0.375,0.59828466,SCOOTER
2014,13799568.55304348,0.4,0.5985723,SCOOTER
2014,13803668.55304348,0.425,0.59874725,SCOOTER
2014,13807026.55304348,0.45,0.59889054,SCOOTER
2014,13813877.55304348,0.475,0.5991829,SCOOTER
2014,13818151.55304348,0.5,0.5993653,SCOOTER
2014,13820570.55304348,0.525,0.5994685,SCOOTER
2014,13823700.55304348,0.55,0.5996021,SCOOTER
2014,13826223.55304348,0.575,0.59970975,SCOOTER
2014,13829210.55304348,0.6,0.59983724,SCOOTER
2014,13833106.55304348,0.625,0.6000035,SCOOTER
2014,13840389.55304348,0.65,0.60031426,SCOOTER
2014,13845635.55304348,0.675,0.60053813,SCOOTER
2014,13851332.55304348,0.7,0.60078126,SCOOTER
2014,13855591.55304348,0.725,0.600963,SCOOTER
2014,13861154.55304348,0.75,0.6012004,SCOOTER
2014,13864770.55304348,0.775,0.6013547,SCOOTER
2014,13870497.55304348,0.8,0.6015991,SCOOTER
2014,13874159.55304348,0.825,0.6017554,SCOOTER
2014,13879311.55304348,0.85,0.6019752,SCOOTER
2014,13883752.55304348,0.875,0.60216475,SCOOTER
2014,13890130.55304348,0.9,0.6024369,SCOOTER
2014,13898875.55304348,0.925,0.6028101,SCOOTER
2014,13903785.55304348,0.95,0.6030196,SCOOTER
2014,13917231.55304348,0.975,0.6035934,SCOOTER
2014,13977432.55304348,1.0,0.60616237,SCOOTER
2015,13662286.55304348,0.0,0.59124255,SCOOTER
2015,13701510.55304348,0.025,0.5929122,SCOOTER
2015,13717715.55304348,0.05,0.593602,SCOOTER
2015,13725472.55304348,0.075,0.5939322,SCOOTER
2015,13733654.55304348,0.1,0.5942805,SCOOTER
2015,13740107.55304348,0.125,0.5945552,SCOOTER
2015,13748776.55304348,0.15,0.5949242,SCOOTER
2015,13753694.55304348,0.175,0.59513354,SCOOTER
2015,13761584.55304348,0.2,0.5954694,SCOOTER
2015,13765421.55304348,0.225,0.59563273,SCOOTER
2015,13768731.55304348,0.25,0.59577364,SCOOTER
2015,13774377.55304348,0.275,0.59601396,SCOOTER
2015,13780265.55304348,0.3,0.5962646,SCOOTER
2015,13784463.55304348,0.325,0.5964433,SCOOTER
2015,13790491.55304348,0.35,0.5966999,SCOOTER
2015,13797195.55304348,0.375,0.5969853,SCOOTER
2015,13804021.55304348,0.4,0.59727585,SCOOTER
2015,13808337.55304348,0.425,0.59745955,SCOOTER
2015,13812054.55304348,0.45,0.5976178,SCOOTER
2015,13815360.55304348,0.475,0.59775853,SCOOTER
2015,13819319.55304348,0.5,0.59792703,SCOOTER
2015,13823060.55304348,0.525,0.5980863,SCOOTER
2015,13827574.55304348,0.55,0.59827846,SCOOTER
2015,13830858.55304348,0.575,0.59841824,SCOOTER
2015,13835685.55304348,0.6,0.5986237,SCOOTER
2015,13838732.55304348,0.625,0.5987534,SCOOTER
2015,13845322.55304348,0.65,0.59903395,SCOOTER
2015,13852562.55304348,0.675,0.5993421,SCOOTER
2015,13857224.55304348,0.7,0.5995406,SCOOTER
2015,13861656.55304348,0.725,0.59972924,SCOOTER
2015,13866719.55304348,0.75,0.5999448,SCOOTER
2015,13872092.55304348,0.775,0.6001735,SCOOTER
2015,13876982.55304348,0.8,0.6003816,SCOOTER
2015,13882354.55304348,0.825,0.6006103,SCOOTER
2015,13887166.55304348,0.85,0.6008151,SCOOTER
2015,13893664.55304348,0.875,0.60109174,SCOOTER
2015,13900321.55304348,0.9,0.6013751,SCOOTER
2015,13906775.55304348,0.925,0.6016498,SCOOTER
2015,13914638.55304348,0.95,0.60198456,SCOOTER
2015,13936341.55304348,0.975,0.6029084,SCOOTER
2015,14002496.55304348,1.0,0.60572445,SCOOTER
2016,13761218.55304348,0.0,0.59424615,SCOOTER
2016,13802230.55304348,0.025,0.5959884,SCOOTER
2016,13817634.55304348,0.05,0.5966428,SCOOTER
2016,13829550.55304348,0.075,0.597149,SCOOTER
2016,13837089.55304348,0.1,0.5974693,SCOOTER
2016,13841996.55304348,0.125,0.5976777,SCOOTER
2016,13846886.55304348,0.15,0.59788543,SCOOTER
2016,13853589.55304348,0.175,0.5981702,SCOOTER
2016,13858109.55304348,0.2,0.5983622,SCOOTER
2016,13865836.55304348,0.225,0.59869045,SCOOTER
2016,13869815.55304348,0.25,0.5988595,SCOOTER
2016,13877111.55304348,0.275,0.59916943,SCOOTER
2016,13882556.55304348,0.3,0.59940076,SCOOTER
2016,13887604.55304348,0.325,0.5996152,SCOOTER
2016,13896216.55304348,0.35,0.59998107,SCOOTER
2016,13899213.55304348,0.375,0.6001084,SCOOTER
2016,13905633.55304348,0.4,0.6003811,SCOOTER
2016,13909316.55304348,0.425,0.60053754,SCOOTER
2016,13912331.55304348,0.45,0.6006656,SCOOTER
2016,13915176.55304348,0.475,0.6007865,SCOOTER
2016,13918810.55304348,0.5,0.6009409,SCOOTER
2016,13922152.55304348,0.525,0.60108286,SCOOTER
2016,13925388.55304348,0.55,0.6012203,SCOOTER
2016,13929534.55304348,0.575,0.60139644,SCOOTER
2016,13934849.55304348,0.6,0.6016222,SCOOTER
2016,13937525.55304348,0.625,0.6017359,SCOOTER
2016,13943857.55304348,0.65,0.6020049,SCOOTER
2016,13948706.55304348,0.675,0.6022109,SCOOTER
2016,13952286.55304348,0.7,0.602363,SCOOTER
2016,13957183.55304348,0.725,0.602571,SCOOTER
2016,13960938.55304348,0.75,0.6027305,SCOOTER
2016,13966651.55304348,0.775,0.6029732,SCOOTER
2016,13970699.55304348,0.8,0.6031452,SCOOTER
2016,13976024.55304348,0.825,0.6033714,SCOOTER
2016,13978503.55304348,0.85,0.6034767,SCOOTER
2016,13985737.55304348,0.875,0.603784,SCOOTER
2016,13991438.55304348,0.9,0.6040262,SCOOTER
2016,13998924.55304348,0.925,0.6043442,SCOOTER
2016,14006983.55304348,0.95,0.60468656,SCOOTER
2016,14026277.55304348,0.975,0.6055062,SCOOTER
2016,14086646.55304348,1.0,0.60807073,SCOOTER
2017,13833894.55304348,0.0,0.59653753,SCOOTER
2017,13883797.55304348,0.025,0.5986546,SCOOTER
2017,13893887.55304348,0.05,0.5990827,SCOOTER
2017,13908456.55304348,0.075,0.5997008,SCOOTER
2017,13915325.55304348,0.1,0.5999922,SCOOTER
2017,13921674.55304348,0.125,0.60026157,SCOOTER
2017,13928154.55304348,0.15,0.60053647,SCOOTER
2017,13933479.55304348,0.175,0.60076237,SCOOTER
2017,13939686.55304348,0.2,0.6010257,SCOOTER
2017,13943457.55304348,0.225,0.6011857,SCOOTER
2017,13947674.55304348,0.25,0.6013646,SCOOTER
2017,13955164.55304348,0.275,0.60168236,SCOOTER
2017,13959091.55304348,0.3,0.60184896,SCOOTER
2017,13964142.55304348,0.325,0.60206324,SCOOTER
2017,13970218.55304348,0.35,0.602321,SCOOTER
2017,13975712.55304348,0.375,0.6025541,SCOOTER
2017,13979543.55304348,0.4,0.6027166,SCOOTER
2017,13984221.55304348,0.425,0.6029151,SCOOTER
2017,13987100.55304348,0.45,0.60303724,SCOOTER
2017,13990194.55304348,0.475,0.6031685,SCOOTER
2017,13993158.55304348,0.5,0.60329425,SCOOTER
2017,13996224.55304348,0.525,0.6034243,SCOOTER
2017,13998819.55304348,0.55,0.6035344,SCOOTER
2017,14001605.55304348,0.575,0.6036526,SCOOTER
2017,14007459.55304348,0.6,0.60390097,SCOOTER
2017,14012187.55304348,0.625,0.60410154,SCOOTER
2017,14016176.55304348,0.65,0.60427076,SCOOTER
2017,14020177.55304348,0.675,0.6044405,SCOOTER
2017,14023762.55304348,0.7,0.6045926,SCOOTER
2017,14030062.55304348,0.725,0.6048599,SCOOTER
2017,14036040.55304348,0.75,0.6051135,SCOOTER
2017,14039811.55304348,0.775,0.6052735,SCOOTER
2017,14043850.55304348,0.8,0.60544485,SCOOTER
2017,14048802.55304348,0.825,0.6056549,SCOOTER
2017,14054853.55304348,0.85,0.6059116,SCOOTER
2017,14058421.55304348,0.875,0.606063,SCOOTER
2017,14065689.55304348,0.9,0.60637134,SCOOTER
2017,14073246.55304348,0.925,0.60669196,SCOOTER
2017,14082879.55304348,0.95,0.6071006,SCOOTER
2017,14105508.55304348,0.975,0.60806066,SCOOTER
2017,14151886.55304348,1.0,0.6100282,SCOOTER
2018,13884005.55304348,0.0,0.59821415,SCOOTER
2018,13922259.55304348,0.025,0.5998358,SCOOTER
2018,13942810.55304348,0.05,0.60070705,SCOOTER
2018,13954815.55304348,0.075,0.60121596,SCOOTER
2018,13962683.55304348,0.1,0.6015495,SCOOTER
2018,13969548.55304348,0.125,0.60184056,SCOOTER
2018,13975302.55304348,0.15,0.60208446,SCOOTER
2018,13979597.55304348,0.175,0.60226655,SCOOTER
2018,13984087.55304348,0.2,0.60245687,SCOOTER
2018,13990156.55304348,0.225,0.6027142,SCOOTER
2018,13996755.55304348,0.25,0.6029939,SCOOTER
2018,14001351.55304348,0.275,0.60318875,SCOOTER
2018,14006736.55304348,0.3,0.60341704,SCOOTER
2018,14014021.55304348,0.325,0.60372585,SCOOTER
2018,14017749.55304348,0.35,0.6038839,SCOOTER
2018,14023656.55304348,0.375,0.6041343,SCOOTER
2018,14031456.55304348,0.4,0.604465,SCOOTER
2018,14035615.55304348,0.425,0.6046413,SCOOTER
2018,14038460.55304348,0.45,0.6047619,SCOOTER
2018,14042511.55304348,0.475,0.6049336,SCOOTER
2018,14045570.55304348,0.5,0.6050633,SCOOTER
2018,14048736.55304348,0.525,0.60519755,SCOOTER
2018,14052242.55304348,0.55,0.60534614,SCOOTER
2018,14056811.55304348,0.575,0.60553986,SCOOTER
2018,14059830.55304348,0.6,0.6056678,SCOOTER
2018,14065683.55304348,0.625,0.60591596,SCOOTER
2018,14071366.55304348,0.65,0.6061569,SCOOTER
2018,14074216.55304348,0.675,0.6062777,SCOOTER
2018,14076435.55304348,0.7,0.60637176,SCOOTER
2018,14079240.55304348,0.725,0.6064907,SCOOTER
2018,14084903.55304348,0.75,0.60673076,SCOOTER
2018,14090008.55304348,0.775,0.6069472,SCOOTER
2018,14095894.55304348,0.8,0.6071967,SCOOTER
2018,14099371.55304348,0.825,0.6073441,SCOOTER
2018,14103242.55304348,0.85,0.6075082,SCOOTER
2018,14111879.55304348,0.875,0.60787433,SCOOTER
2018,14115151.55304348,0.9,0.60801303,SCOOTER
2018,14124702.55304348,0.925,0.6084179,SCOOTER
2018,14138146.55304348,0.95,0.60898787,SCOOTER
2018,14152534.55304348,0.975,0.6095978,SCOOTER
2018,14186528.55304348,1.0,0.6110389,SCOOTER
2019,13943984.55304348,0.0,0.6003957,SCOOTER
2019,13982763.55304348,0.025,0.6020386,SCOOTER
2019,14000979.55304348,0.05,0.6028104,SCOOTER
2019,14014523.55304348,0.075,0.6033842,SCOOTER
2019,14023407.55304348,0.1,0.6037606,SCOOTER
2019,14031748.55304348,0.125,0.604114,SCOOTER
2019,14035942.55304348,0.15,0.6042917,SCOOTER
2019,14040424.55304348,0.175,0.6044816,SCOOTER
2019,14047561.55304348,0.2,0.60478395,SCOOTER
2019,14052639.55304348,0.225,0.60499907,SCOOTER
2019,14057421.55304348,0.25,0.60520166,SCOOTER
2019,14062495.55304348,0.275,0.60541666,SCOOTER
2019,14070524.55304348,0.3,0.6057568,SCOOTER
2019,14074078.55304348,0.325,0.6059074,SCOOTER
2019,14079116.55304348,0.35,0.6061208,SCOOTER
2019,14085442.55304348,0.375,0.60638887,SCOOTER
2019,14089832.55304348,0.4,0.60657483,SCOOTER
2019,14092896.55304348,0.425,0.60670465,SCOOTER
2019,14095871.55304348,0.45,0.6068307,SCOOTER
2019,14099395.55304348,0.475,0.60698,SCOOTER
2019,14103290.55304348,0.5,0.607145,SCOOTER
2019,14105985.55304348,0.525,0.6072592,SCOOTER
2019,14109259.55304348,0.55,0.6073979,SCOOTER
2019,14114720.55304348,0.575,0.6076293,SCOOTER
2019,14118111.55304348,0.6,0.60777295,SCOOTER
2019,14122323.55304348,0.625,0.6079514,SCOOTER
2019,14125505.55304348,0.65,0.6080862,SCOOTER
2019,14130764.55304348,0.675,0.60830903,SCOOTER
2019,14134297.55304348,0.7,0.6084587,SCOOTER
2019,14137125.55304348,0.725,0.6085785,SCOOTER
2019,14142623.55304348,0.75,0.60881144,SCOOTER
2019,14148920.55304348,0.775,0.6090782,SCOOTER
2019,14154256.55304348,0.8,0.6093043,SCOOTER
2019,14159374.55304348,0.825,0.60952115,SCOOTER
2019,14164795.55304348,0.85,0.6097508,SCOOTER
2019,14169889.55304348,0.875,0.60996664,SCOOTER
2019,14176092.55304348,0.9,0.61022943,SCOOTER
2019,14180312.55304348,0.925,0.61040825,SCOOTER
2019,14191073.55304348,0.95,0.61086416,SCOOTER
2019,14205187.55304348,0.975,0.6114621,SCOOTER
2019,14250037.55304348,1.0,0.6133623,SCOOTER
2020,13950436.55304348,0.0,0.60173684,SCOOTER
2020,13998825.55304348,0.025,0.6037906,SCOOTER
2020,14017246.55304348,0.05,0.6045724,SCOOTER
2020,14026890.55304348,0.075,0.6049817,SCOOTER
2020,14036828.55304348,0.1,0.60540354,SCOOTER
2020,14044724.55304348,0.125,0.60573864,SCOOTER
2020,14052398.55304348,0.15,0.6060644,SCOOTER
2020,14060471.55304348,0.175,0.606407,SCOOTER
2020,14065855.55304348,0.2,0.6066355,SCOOTER
2020,14071075.55304348,0.225,0.60685706,SCOOTER
2020,14075903.55304348,0.25,0.607062,SCOOTER
2020,14082513.55304348,0.275,0.60734254,SCOOTER
2020,14089948.55304348,0.3,0.6076581,SCOOTER
2020,14097195.55304348,0.325,0.60796565,SCOOTER
2020,14103806.55304348,0.35,0.60824627,SCOOTER
2020,14109747.55304348,0.375,0.6084984,SCOOTER
2020,14111942.55304348,0.4,0.60859156,SCOOTER
2020,14114772.55304348,0.425,0.60871166,SCOOTER
2020,14119489.55304348,0.45,0.6089119,SCOOTER
2020,14122644.55304348,0.475,0.6090458,SCOOTER
2020,14124977.55304348,0.5,0.6091448,SCOOTER
2020,14128010.55304348,0.525,0.60927355,SCOOTER
2020,14131867.55304348,0.55,0.6094372,SCOOTER
2020,14136074.55304348,0.575,0.6096158,SCOOTER
2020,14138588.55304348,0.6,0.6097225,SCOOTER
2020,14141859.55304348,0.625,0.6098613,SCOOTER
2020,14147037.55304348,0.65,0.6100811,SCOOTER
2020,14150454.55304348,0.675,0.6102261,SCOOTER
2020,14153460.55304348,0.7,0.6103537,SCOOTER
2020,14158367.55304348,0.725,0.61056197,SCOOTER
2020,14164757.55304348,0.75,0.61083317,SCOOTER
2020,14169904.55304348,0.775,0.6110516,SCOOTER
2020,14173044.55304348,0.8,0.6111849,SCOOTER
2020,14177333.55304348,0.825,0.6113669,SCOOTER
2020,14184331.55304348,0.85,0.61166394,SCOOTER
2020,14189535.55304348,0.875,0.61188483,SCOOTER
2020,14196299.55304348,0.9,0.6121719,SCOOTER
2020,14203906.55304348,0.925,0.61249477,SCOOTER
2020,14218416.55304348,0.95,0.6131106,SCOOTER
2020,14229613.55304348,0.975,0.6135858,SCOOTER
2020,14275433.55304348,1.0,0.61553055,SCOOTER
2021,13821394.55304348,0.0,0.60100245,SCOOTER
2021,13875185.55304348,0.025,0.6033037,SCOOTER
2021,13886606.55304348,0.05,0.60379225,SCOOTER
2021,13896971.55304348,0.075,0.60423565,SCOOTER
2021,13907009.55304348,0.1,0.6046651,SCOOTER
2021,13918088.55304348,0.125,0.6051391,SCOOTER
2021,13924667.55304348,0.15,0.60542053,SCOOTER
2021,13930321.55304348,0.175,0.6056624,SCOOTER
2021,13935573.55304348,0.2,0.60588706,SCOOTER
2021,13943925.55304348,0.225,0.6062444,SCOOTER
2021,13949075.55304348,0.25,0.6064647,SCOOTER
2021,13953281.55304348,0.275,0.60664463,SCOOTER
2021,13960649.55304348,0.3,0.6069598,SCOOTER
2021,13966037.55304348,0.325,0.6071903,SCOOTER
2021,13971791.55304348,0.35,0.6074365,SCOOTER
2021,13976022.55304348,0.375,0.6076175,SCOOTER
2021,13982424.55304348,0.4,0.6078914,SCOOTER
2021,13987029.55304348,0.425,0.6080884,SCOOTER
2021,13990185.55304348,0.45,0.6082234,SCOOTER
2021,13992795.55304348,0.475,0.608335,SCOOTER
2021,13997739.55304348,0.5,0.60854656,SCOOTER
2021,14001016.55304348,0.525,0.60868675,SCOOTER
2021,14003250.55304348,0.55,0.6087823,SCOOTER
2021,14007148.55304348,0.575,0.60894907,SCOOTER
2021,14012211.55304348,0.6,0.60916567,SCOOTER
2021,14014867.55304348,0.625,0.6092793,SCOOTER
2021,14018117.55304348,0.65,0.60941833,SCOOTER
2021,14023523.55304348,0.675,0.6096496,SCOOTER
2021,14028150.55304348,0.7,0.60984755,SCOOTER
2021,14031289.55304348,0.725,0.60998183,SCOOTER
2021,14037863.55304348,0.75,0.61026305,SCOOTER
2021,14043304.55304348,0.775,0.6104958,SCOOTER
2021,14046133.55304348,0.8,0.61061686,SCOOTER
2021,14050135.55304348,0.825,0.61078805,SCOOTER
2021,14054152.55304348,0.85,0.6109599,SCOOTER
2021,14059687.55304348,0.875,0.6111967,SCOOTER
2021,14067186.55304348,0.9,0.6115175,SCOOTER
2021,14072522.55304348,0.925,0.6117458,SCOOTER
2021,14080567.55304348,0.95,0.61208993,SCOOTER
2021,14093756.55304348,0.975,0.61265415,SCOOTER
2021,14149744.55304348,1.0,0.61504936,SCOOTER
2022,13765450.55304348,0.0,0.6014569,SCOOTER
2022,13818243.55304348,0.025,0.6037261,SCOOTER
2022,13834024.55304348,0.05,0.60440445,SCOOTER
2022,13843513.55304348,0.075,0.6048123,SCOOTER
2022,13849755.55304348,0.1,0.6050806,SCOOTER
2022,13857090.55304348,0.125,0.6053959,SCOOTER
2022,13863841.55304348,0.15,0.60568607,SCOOTER
2022,13870260.55304348,0.175,0.605962,SCOOTER
2022,13878394.55304348,0.2,0.6063116,SCOOTER
2022,13885357.55304348,0.225,0.6066109,SCOOTER
2022,13889726.55304348,0.25,0.6067987,SCOOTER
2022,13895890.55304348,0.275,0.60706365,SCOOTER
2022,13900731.55304348,0.3,0.60727173,SCOOTER
2022,13907096.55304348,0.325,0.6075453,SCOOTER
2022,13911704.55304348,0.35,0.6077434,SCOOTER
2022,13918475.55304348,0.375,0.60803443,SCOOTER
2022,13923316.55304348,0.4,0.6082425,SCOOTER
2022,13926841.55304348,0.425,0.608394,SCOOTER
2022,13933375.55304348,0.45,0.6086749,SCOOTER
2022,13938717.55304348,0.475,0.60890454,SCOOTER
2022,13943752.55304348,0.5,0.60912097,SCOOTER
2022,13946276.55304348,0.525,0.60922945,SCOOTER
2022,13950802.55304348,0.55,0.609424,SCOOTER
2022,13954234.55304348,0.575,0.6095715,SCOOTER
2022,13958114.55304348,0.6,0.6097383,SCOOTER
2022,13962548.55304348,0.625,0.60992885,SCOOTER
2022,13967108.55304348,0.65,0.6101249,SCOOTER
2022,13970289.55304348,0.675,0.6102616,SCOOTER
2022,13975030.55304348,0.7,0.6104654,SCOOTER
2022,13979777.55304348,0.725,0.61066943,SCOOTER
2022,13984334.55304348,0.75,0.6108653,SCOOTER
2022,13989245.55304348,0.775,0.6110764,SCOOTER
2022,13993753.55304348,0.8,0.6112702,SCOOTER
2022,13998800.55304348,0.825,0.6114871,SCOOTER
2022,14005041.55304348,0.85,0.6117554,SCOOTER
2022,14011131.55304348,0.875,0.61201715,SCOOTER
2022,14018389.55304348,0.9,0.6123291,SCOOTER
2022,14024823.55304348,0.925,0.6126057,SCOOTER
2022,14035440.55304348,0.95,0.613062,SCOOTER
2022,14044604.55304348,0.975,0.61345595,SCOOTER
2022,14087919.55304348,1.0,0.61531776,SCOOTER
2023,13773954.55304348,0.0,0.6014604,SCOOTER
2023,13849824.55304348,0.025,0.60471964,SCOOTER
2023,13868756.55304348,0.05,0.6055329,SCOOTER
2023,13879601.55304348,0.075,0.60599875,SCOOTER
2023,13889922.55304348,0.1,0.60644215,SCOOTER
2023,13896782.55304348,0.125,0.60673684,SCOOTER
2023,13902106.55304348,0.15,0.60696554,SCOOTER
2023,13907939.55304348,0.175,0.6072161,SCOOTER
2023,13915622.55304348,0.2,0.60754615,SCOOTER
2023,13919748.55304348,0.225,0.6077234,SCOOTER
2023,13924990.55304348,0.25,0.6079486,SCOOTER
2023,13930854.55304348,0.275,0.6082005,SCOOTER
2023,13938781.55304348,0.3,0.608541,SCOOTER
2023,13944973.55304348,0.325,0.608807,SCOOTER
2023,13949603.55304348,0.35,0.6090059,SCOOTER
2023,13954614.55304348,0.375,0.60922116,SCOOTER
2023,13960113.55304348,0.4,0.6094574,SCOOTER
2023,13964147.55304348,0.425,0.6096307,SCOOTER
2023,13967898.55304348,0.45,0.6097918,SCOOTER
2023,13971919.55304348,0.475,0.60996455,SCOOTER
2023,13975962.55304348,0.5,0.61013824,SCOOTER
2023,13978408.55304348,0.525,0.6102433,SCOOTER
2023,13981772.55304348,0.55,0.6103878,SCOOTER
2023,13985235.55304348,0.575,0.6105366,SCOOTER
2023,13988544.55304348,0.6,0.61067873,SCOOTER
2023,13993054.55304348,0.625,0.61087245,SCOOTER
2023,13998086.55304348,0.65,0.61108863,SCOOTER
2023,14000915.55304348,0.675,0.61121017,SCOOTER
2023,14005307.55304348,0.7,0.6113988,SCOOTER
2023,14010636.55304348,0.725,0.61162776,SCOOTER
2023,14015499.55304348,0.75,0.6118367,SCOOTER
2023,14021785.55304348,0.775,0.6121067,SCOOTER
2023,14025338.55304348,0.8,0.6122593,SCOOTER
2023,14029971.55304348,0.825,0.61245835,SCOOTER
2023,14034865.55304348,0.85,0.6126686,SCOOTER
2023,14039860.55304348,0.875,0.61288315,SCOOTER
2023,14044612.55304348,0.9,0.6130873,SCOOTER
2023,14052310.55304348,0.925,0.613418,SCOOTER
2023,14063439.55304348,0.95,0.6138961,SCOOTER
2023,14078645.55304348,0.975,0.6145493,SCOOTER
2023,14141928.55304348,1.0,0.6172678,SCOOTER
2024,13879913.55304348,0.0,0.6023758,SCOOTER
2024,13961984.55304348,0.025,0.60588026,SCOOTER
2024,13976413.55304348,0.05,0.6064964,SCOOTER
2024,13987870.55304348,0.075,0.60698557,SCOOTER
2024,13997246.55304348,0.1,0.60738593,SCOOTER
2024,14007158.55304348,0.125,0.6078092,SCOOTER
2024,14012933.55304348,0.15,0.6080558,SCOOTER
2024,14020080.55304348,0.175,0.60836095,SCOOTER
2024,14026141.55304348,0.2,0.60861975,SCOOTER
2024,14032418.55304348,0.225,0.6088878,SCOOTER
2024,14038612.55304348,0.25,0.60915226,SCOOTER
2024,14041200.55304348,0.275,0.60926276,SCOOTER
2024,14046852.55304348,0.3,0.6095041,SCOOTER
2024,14053864.55304348,0.325,0.60980356,SCOOTER
2024,14059306.55304348,0.35,0.6100359,SCOOTER
2024,14063979.55304348,0.375,0.61023545,SCOOTER
2024,14068689.55304348,0.4,0.61043656,SCOOTER
2024,14073566.55304348,0.425,0.6106448,SCOOTER
2024,14077006.55304348,0.45,0.6107917,SCOOTER
2024,14081442.55304348,0.475,0.6109811,SCOOTER
2024,14084951.55304348,0.5,0.61113095,SCOOTER
2024,14089087.55304348,0.525,0.61130756,SCOOTER
2024,14092250.55304348,0.55,0.6114426,SCOOTER
2024,14096615.55304348,0.575,0.611629,SCOOTER
2024,14099771.55304348,0.6,0.6117638,SCOOTER
2024,14103197.55304348,0.625,0.61191005,SCOOTER
2024,14107643.55304348,0.65,0.6120999,SCOOTER
2024,14111114.55304348,0.675,0.6122481,SCOOTER
2024,14115296.55304348,0.7,0.6124267,SCOOTER
2024,14119686.55304348,0.725,0.61261415,SCOOTER
2024,14124085.55304348,0.75,0.61280197,SCOOTER
2024,14128743.55304348,0.775,0.61300087,SCOOTER
2024,14132912.55304348,0.8,0.6131789,SCOOTER
2024,14137189.55304348,0.825,0.61336154,SCOOTER
2024,14144850.55304348,0.85,0.61368865,SCOOTER
2024,14150953.55304348,0.875,0.61394924,SCOOTER
2024,14157032.55304348,0.9,0.6142088,SCOOTER
2024,14167003.55304348,0.925,0.6146346,SCOOTER
2024,14177626.55304348,0.95,0.61508816,SCOOTER
2024,14189771.55304348,0.975,0.6156068,SCOOTER
2024,14232014.55304348,1.0,0.61741054,SCOOTER
2025,13870081.55304348,0.0,0.6029975,SCOOTER
2025,13954363.55304348,0.025,0.60660255,SCOOTER
2025,13968156.55304348,0.05,0.6071925,SCOOTER
2025,13978913.55304348,0.075,0.60765266,SCOOTER
2025,13988963.55304348,0.1,0.60808253,SCOOTER
2025,13997932.55304348,0.125,0.60846615,SCOOTER
2025,14005095.55304348,0.15,0.6087726,SCOOTER
2025,14013709.55304348,0.175,0.609141,SCOOTER
2025,14021225.55304348,0.2,0.6094625,SCOOTER
2025,14024649.55304348,0.225,0.60960895,SCOOTER
2025,14028808.55304348,0.25,0.60978687,SCOOTER
2025,14036371.55304348,0.275,0.61011034,SCOOTER
2025,14044229.55304348,0.3,0.61044645,SCOOTER
2025,14052528.55304348,0.325,0.61080146,SCOOTER
2025,14058452.55304348,0.35,0.61105484,SCOOTER
2025,14063159.55304348,0.375,0.6112562,SCOOTER
2025,14069682.55304348,0.4,0.6115352,SCOOTER
2025,14072997.55304348,0.425,0.611677,SCOOTER
2025,14075664.55304348,0.45,0.6117911,SCOOTER
2025,14078402.55304348,0.475,0.6119082,SCOOTER
2025,14082553.55304348,0.5,0.61208576,SCOOTER
2025,14085304.55304348,0.525,0.6122034,SCOOTER
2025,14089604.55304348,0.55,0.61238736,SCOOTER
2025,14092797.55304348,0.575,0.6125239,SCOOTER
2025,14097256.55304348,0.6,0.61271465,SCOOTER
2025,14100387.55304348,0.625,0.6128486,SCOOTER
2025,14105214.55304348,0.65,0.61305505,SCOOTER
2025,14107658.55304348,0.675,0.6131596,SCOOTER
2025,14112789.55304348,0.7,0.61337906,SCOOTER
2025,14116400.55304348,0.725,0.6135335,SCOOTER
2025,14120384.55304348,0.75,0.6137039,SCOOTER
2025,14125063.55304348,0.775,0.61390406,SCOOTER
2025,14130868.55304348,0.8,0.6141524,SCOOTER
2025,14140674.55304348,0.825,0.6145718,SCOOTER
2025,14145023.55304348,0.85,0.61475784,SCOOTER
2025,14149828.55304348,0.875,0.61496335,SCOOTER
2025,14154245.55304348,0.9,0.6151523,SCOOTER
2025,14163367.55304348,0.925,0.6155425,SCOOTER
2025,14175327.55304348,0.95,0.61605406,SCOOTER
2025,14189099.55304348,0.975,0.61664313,SCOOTER
2025,14245170.55304348,1.0,0.6190415,SCOOTER
2026,13872133.55304348,0.0,0.60425085,SCOOTER
2026,13935415.55304348,0.025,0.6069629,SCOOTER
2026,13954227.55304348,0.05,0.60776913,SCOOTER
2026,13965271.55304348,0.075,0.60824245,SCOOTER
2026,13975054.55304348,0.1,0.6086617,SCOOTER
2026,13982822.55304348,0.125,0.6089946,SCOOTER
2026,13990250.55304348,0.15,0.60931295,SCOOTER
2026,13998814.55304348,0.175,0.60968,SCOOTER
2026,14003567.55304348,0.2,0.60988367,SCOOTER
2026,14010934.55304348,0.225,0.6101994,SCOOTER
2026,14016886.55304348,0.25,0.6104545,SCOOTER
2026,14024308.55304348,0.275,0.61077255,SCOOTER
2026,14027935.55304348,0.3,0.610928,SCOOTER
2026,14034687.55304348,0.325,0.6112174,SCOOTER
2026,14040654.55304348,0.35,0.6114731,SCOOTER
2026,14046044.55304348,0.375,0.6117041,SCOOTER
2026,14052112.55304348,0.4,0.61196417,SCOOTER
2026,14055918.55304348,0.425,0.61212724,SCOOTER
2026,14062262.55304348,0.45,0.61239916,SCOOTER
2026,14068403.55304348,0.475,0.6126623,SCOOTER
2026,14071685.55304348,0.5,0.612803,SCOOTER
2026,14074703.55304348,0.525,0.6129323,SCOOTER
2026,14079116.55304348,0.55,0.61312145,SCOOTER
2026,14083974.55304348,0.575,0.61332965,SCOOTER
2026,14086923.55304348,0.6,0.613456,SCOOTER
2026,14092084.55304348,0.625,0.6136772,SCOOTER
2026,14096259.55304348,0.65,0.61385614,SCOOTER
2026,14100281.55304348,0.675,0.6140285,SCOOTER
2026,14104764.55304348,0.7,0.6142206,SCOOTER
2026,14109224.55304348,0.725,0.6144118,SCOOTER
2026,14114128.55304348,0.75,0.61462194,SCOOTER
2026,14118240.55304348,0.775,0.6147982,SCOOTER
2026,14124359.55304348,0.8,0.6150604,SCOOTER
2026,14128627.55304348,0.825,0.6152433,SCOOTER
2026,14133702.55304348,0.85,0.6154608,SCOOTER
2026,14139504.55304348,0.875,0.6157095,SCOOTER
2026,14143268.55304348,0.9,0.6158708,SCOOTER
2026,14153058.55304348,0.925,0.61629033,SCOOTER
2026,14164152.55304348,0.95,0.6167658,SCOOTER
2026,14185381.55304348,0.975,0.6176756,SCOOTER
2026,14248249.55304348,1.0,0.6203699,SCOOTER
2027,13860287.55304348,0.0,0.60512394,SCOOTER
2027,13919365.55304348,0.025,0.6076616,SCOOTER
2027,13935023.55304348,0.05,0.6083342,SCOOTER
2027,13947063.55304348,0.075,0.6088514,SCOOTER
2027,13958600.55304348,0.1,0.6093469,SCOOTER
2027,13967764.55304348,0.125,0.60974056,SCOOTER
2027,13978529.55304348,0.15,0.61020297,SCOOTER
2027,13984185.55304348,0.175,0.6104459,SCOOTER
2027,13990351.55304348,0.2,0.6107108,SCOOTER
2027,13995839.55304348,0.225,0.61094654,SCOOTER
2027,14003521.55304348,0.25,0.6112765,SCOOTER
2027,14009401.55304348,0.275,0.61152905,SCOOTER
2027,14014711.55304348,0.3,0.61175716,SCOOTER
2027,14019472.55304348,0.325,0.61196166,SCOOTER
2027,14024745.55304348,0.35,0.61218816,SCOOTER
2027,14030291.55304348,0.375,0.6124264,SCOOTER
2027,14035163.55304348,0.4,0.6126357,SCOOTER
2027,14041585.55304348,0.425,0.6129115,SCOOTER
2027,14046290.55304348,0.45,0.61311364,SCOOTER
2027,14051766.55304348,0.475,0.61334884,SCOOTER
2027,14056445.55304348,0.5,0.6135498,SCOOTER
2027,14060398.55304348,0.525,0.61371964,SCOOTER
2027,14065616.55304348,0.55,0.61394376,SCOOTER
2027,14069718.55304348,0.575,0.61411995,SCOOTER
2027,14073275.55304348,0.6,0.6142728,SCOOTER
2027,14077953.55304348,0.625,0.6144737,SCOOTER
2027,14082563.55304348,0.65,0.6146717,SCOOTER
2027,14086627.55304348,0.675,0.6148463,SCOOTER
2027,14090128.55304348,0.7,0.6149967,SCOOTER
2027,14094542.55304348,0.725,0.6151863,SCOOTER
2027,14100471.55304348,0.75,0.61544096,SCOOTER
2027,14103947.55304348,0.775,0.6155903,SCOOTER
2027,14109583.55304348,0.8,0.6158323,SCOOTER
2027,14113009.55304348,0.825,0.6159795,SCOOTER
2027,14117151.55304348,0.85,0.6161574,SCOOTER
2027,14121354.55304348,0.875,0.61633795,SCOOTER
2027,14129510.55304348,0.9,0.6166883,SCOOTER
2027,14138657.55304348,0.925,0.6170812,SCOOTER
2027,14147605.55304348,0.95,0.61746556,SCOOTER
2027,14168838.55304348,0.975,0.6183776,SCOOTER
2027,14222740.55304348,1.0,0.62069297,SCOOTER
2028,13834693.55304348,0.0,0.60553944,SCOOTER
2028,13901366.55304348,0.025,0.60841054,SCOOTER
2028,13919580.55304348,0.05,0.6091949,SCOOTER
2028,13935333.55304348,0.075,0.60987324,SCOOTER
2028,13944276.55304348,0.1,0.61025834,SCOOTER
2028,13953958.55304348,0.125,0.6106753,SCOOTER
2028,13960160.55304348,0.15,0.61094236,SCOOTER
2028,13966908.55304348,0.175,0.61123294,SCOOTER
2028,13973252.55304348,0.2,0.6115061,SCOOTER
2028,13977339.55304348,0.225,0.6116821,SCOOTER
2028,13983356.55304348,0.25,0.6119412,SCOOTER
2028,13989526.55304348,0.275,0.61220694,SCOOTER
2028,13996418.55304348,0.3,0.6125037,SCOOTER
2028,14002351.55304348,0.325,0.6127592,SCOOTER
2028,14009793.55304348,0.35,0.61307967,SCOOTER
2028,14016016.55304348,0.375,0.61334765,SCOOTER
2028,14019925.55304348,0.4,0.613516,SCOOTER
2028,14024264.55304348,0.425,0.61370283,SCOOTER
2028,14029308.55304348,0.45,0.61392003,SCOOTER
2028,14034204.55304348,0.475,0.61413085,SCOOTER
2028,14038318.55304348,0.5,0.614308,SCOOTER
2028,14043359.55304348,0.525,0.6145251,SCOOTER
2028,14047758.55304348,0.55,0.6147145,SCOOTER
2028,14051751.55304348,0.575,0.61488646,SCOOTER
2028,14055286.55304348,0.6,0.6150387,SCOOTER
2028,14059480.55304348,0.625,0.6152193,SCOOTER
2028,14064511.55304348,0.65,0.61543596,SCOOTER
2028,14068451.55304348,0.675,0.6156056,SCOOTER
2028,14071366.55304348,0.7,0.6157311,SCOOTER
2028,14075521.55304348,0.725,0.61591005,SCOOTER
2028,14079532.55304348,0.75,0.6160828,SCOOTER
2028,14085276.55304348,0.775,0.61633015,SCOOTER
2028,14090979.55304348,0.8,0.6165757,SCOOTER
2028,14095385.55304348,0.825,0.61676544,SCOOTER
2028,14101274.55304348,0.85,0.61701906,SCOOTER
2028,14108393.55304348,0.875,0.6173256,SCOOTER
2028,14115826.55304348,0.9,0.6176457,SCOOTER
2028,14124349.55304348,0.925,0.6180127,SCOOTER
2028,14136820.55304348,0.95,0.61854976,SCOOTER
2028,14154528.55304348,0.975,0.6193123,SCOOTER
2028,14209081.55304348,1.0,0.6216615,SCOOTER
2029,13805903.55304348,0.0,0.60595477,SCOOTER
2029,13877161.55304348,0.025,0.60903174,SCOOTER
2029,13896387.55304348,0.05,0.6098619,SCOOTER
2029,13914296.55304348,0.075,0.6106352,SCOOTER
2029,13923993.55304348,0.1,0.61105394,SCOOTER
2029,13933023.55304348,0.125,0.6114439,SCOOTER
2029,13943141.55304348,0.15,0.6118808,SCOOTER
2029,13947074.55304348,0.175,0.6120506,SCOOTER
2029,13954182.55304348,0.2,0.6123575,SCOOTER
2029,13959508.55304348,0.225,0.6125875,SCOOTER
2029,13965034.55304348,0.25,0.6128261,SCOOTER
2029,13971479.55304348,0.275,0.6131044,SCOOTER
2029,13977542.55304348,0.3,0.6133662,SCOOTER
2029,13985076.55304348,0.325,0.6136915,SCOOTER
2029,13991238.55304348,0.35,0.6139576,SCOOTER
2029,13995855.55304348,0.375,0.61415696,SCOOTER
2029,14000392.55304348,0.4,0.6143529,SCOOTER
2029,14004170.55304348,0.425,0.614516,SCOOTER
2029,14010026.55304348,0.45,0.61476886,SCOOTER
2029,14013909.55304348,0.475,0.61493653,SCOOTER
2029,14018149.55304348,0.5,0.61511964,SCOOTER
2029,14022038.55304348,0.525,0.61528754,SCOOTER
2029,14025432.55304348,0.55,0.6154341,SCOOTER
2029,14029257.55304348,0.575,0.6155993,SCOOTER
2029,14034254.55304348,0.6,0.61581504,SCOOTER
2029,14036576.55304348,0.625,0.6159153,SCOOTER
2029,14040402.55304348,0.65,0.6160805,SCOOTER
2029,14043141.55304348,0.675,0.6161988,SCOOTER
2029,14048847.55304348,0.7,0.6164452,SCOOTER
2029,14053371.55304348,0.725,0.6166405,SCOOTER
2029,14059708.55304348,0.75,0.61691415,SCOOTER
2029,14063711.55304348,0.775,0.617087,SCOOTER
2029,14069029.55304348,0.8,0.61731666,SCOOTER
2029,14076423.55304348,0.825,0.6176359,SCOOTER
2029,14081671.55304348,0.85,0.6178625,SCOOTER
2029,14089082.55304348,0.875,0.61818254,SCOOTER
2029,14098627.55304348,0.9,0.6185947,SCOOTER
2029,14108041.55304348,0.925,0.6190012,SCOOTER
2029,14125525.55304348,0.95,0.61975616,SCOOTER
2029,14140047.55304348,0.975,0.6203832,SCOOTER
2029,14195726.55304348,1.0,0.6227875,SCOOTER
2030,13771980.55304348,0.0,0.60627705,SCOOTER
2030,13848298.55304348,0.025,0.60958225,SCOOTER
2030,13863450.55304348,0.05,0.61023843,SCOOTER
2030,13874858.55304348,0.075,0.6107325,SCOOTER
2030,13884718.55304348,0.1,0.6111595,SCOOTER
2030,13892801.55304348,0.125,0.61150956,SCOOTER
2030,13899327.55304348,0.15,0.6117922,SCOOTER
2030,13908122.55304348,0.175,0.6121731,SCOOTER
2030,13916548.55304348,0.2,0.612538,SCOOTER
2030,13923351.55304348,0.225,0.6128326,SCOOTER
2030,13929989.55304348,0.25,0.6131201,SCOOTER
2030,13938615.55304348,0.275,0.6134937,SCOOTER
2030,13946058.55304348,0.3,0.613816,SCOOTER
2030,13952783.55304348,0.325,0.61410725,SCOOTER
2030,13958671.55304348,0.35,0.61436224,SCOOTER
2030,13965450.55304348,0.375,0.61465585,SCOOTER
2030,13971872.55304348,0.4,0.61493397,SCOOTER
2030,13977969.55304348,0.425,0.615198,SCOOTER
2030,13983015.55304348,0.45,0.6154165,SCOOTER
2030,13987741.55304348,0.475,0.6156212,SCOOTER
2030,13991351.55304348,0.5,0.61577755,SCOOTER
2030,13994317.55304348,0.525,0.615906,SCOOTER
2030,13998440.55304348,0.55,0.6160846,SCOOTER
2030,14002546.55304348,0.575,0.6162624,SCOOTER
2030,14006836.55304348,0.6,0.61644816,SCOOTER
2030,14011317.55304348,0.625,0.61664224,SCOOTER
2030,14015093.55304348,0.65,0.6168058,SCOOTER
2030,14020161.55304348,0.675,0.61702526,SCOOTER
2030,14024041.55304348,0.7,0.6171933,SCOOTER
2030,14027542.55304348,0.725,0.6173449,SCOOTER
2030,14032388.55304348,0.75,0.6175548,SCOOTER
2030,14037919.55304348,0.775,0.61779433,SCOOTER
2030,14042742.55304348,0.8,0.6180032,SCOOTER
2030,14046400.55304348,0.825,0.6181616,SCOOTER
2030,14052175.55304348,0.85,0.6184117,SCOOTER
2030,14057311.55304348,0.875,0.61863416,SCOOTER
2030,14065414.55304348,0.9,0.61898506,SCOOTER
2030,14074596.55304348,0.925,0.61938274,SCOOTER
2030,14086281.55304348,0.95,0.6198888,SCOOTER
2030,14105241.55304348,0.975,0.6207099,SCOOTER
2030,14149120.55304348,1.0,0.6226102,SCOOTER
2031,13720633.55304348,0.0,0.60596603,SCOOTER
2031,13796006.55304348,0.025,0.60924065,SCOOTER
2031,13817088.55304348,0.05,0.61015654,SCOOTER
2031,13834311.55304348,0.075,0.6109048,SCOOTER
2031,13849128.55304348,0.1,0.61154854,SCOOTER
2031,13856603.55304348,0.125,0.61187327,SCOOTER
2031,13866967.55304348,0.15,0.6123235,SCOOTER
2031,13875743.55304348,0.175,0.6127048,SCOOTER
2031,13884783.55304348,0.2,0.61309755,SCOOTER
2031,13891515.55304348,0.225,0.61339,SCOOTER
2031,13898262.55304348,0.25,0.61368316,SCOOTER
2031,13903684.55304348,0.275,0.6139187,SCOOTER
2031,13911097.55304348,0.3,0.61424077,SCOOTER
2031,13917597.55304348,0.325,0.6145232,SCOOTER
2031,13924890.55304348,0.35,0.61484003,SCOOTER
2031,13929390.55304348,0.375,0.61503553,SCOOTER
2031,13934878.55304348,0.4,0.61527395,SCOOTER
2031,13941106.55304348,0.425,0.6155445,SCOOTER
2031,13947134.55304348,0.45,0.6158064,SCOOTER
2031,13951687.55304348,0.475,0.6160042,SCOOTER
2031,13956237.55304348,0.5,0.6162019,SCOOTER
2031,13959713.55304348,0.525,0.6163529,SCOOTER
2031,13964171.55304348,0.55,0.6165466,SCOOTER
2031,13967682.55304348,0.575,0.6166991,SCOOTER
2031,13970662.55304348,0.6,0.61682856,SCOOTER
2031,13975162.55304348,0.625,0.61702406,SCOOTER
2031,13979408.55304348,0.65,0.61720854,SCOOTER
2031,13983666.55304348,0.675,0.61739355,SCOOTER
2031,13990301.55304348,0.7,0.6176818,SCOOTER
2031,13998106.55304348,0.725,0.6180209,SCOOTER
2031,14002850.55304348,0.75,0.618227,SCOOTER
2031,14008344.55304348,0.775,0.61846566,SCOOTER
2031,14012377.55304348,0.8,0.6186409,SCOOTER
2031,14019129.55304348,0.825,0.6189342,SCOOTER
2031,14025604.55304348,0.85,0.61921555,SCOOTER
2031,14034606.55304348,0.875,0.6196066,SCOOTER
2031,14041229.55304348,0.9,0.6198944,SCOOTER
2031,14053185.55304348,0.925,0.6204138,SCOOTER
2031,14065930.55304348,0.95,0.6209675,SCOOTER
2031,14078375.55304348,0.975,0.6215082,SCOOTER
2031,14150376.55304348,1.0,0.6246363,SCOOTER
2032,13675661.55304348,0.0,0.6060529,SCOOTER
2032,13774442.55304348,0.025,0.6103589,SCOOTER
2032,13787614.55304348,0.05,0.6109331,SCOOTER
2032,13799602.55304348,0.075,0.6114557,SCOOTER
2032,13810504.55304348,0.1,0.6119309,SCOOTER
2032,13821772.55304348,0.125,0.6124221,SCOOTER
2032,13829916.55304348,0.15,0.6127771,SCOOTER
2032,13838183.55304348,0.175,0.6131375,SCOOTER
2032,13845803.55304348,0.2,0.61346966,SCOOTER
2032,13850286.55304348,0.225,0.6136651,SCOOTER
2032,13856260.55304348,0.25,0.6139255,SCOOTER
2032,13864769.55304348,0.275,0.61429644,SCOOTER
2032,13873246.55304348,0.3,0.614666,SCOOTER
2032,13881429.55304348,0.325,0.61502266,SCOOTER
2032,13889511.55304348,0.35,0.615375,SCOOTER
2032,13895483.55304348,0.375,0.61563534,SCOOTER
2032,13902640.55304348,0.4,0.6159473,SCOOTER
2032,13908242.55304348,0.425,0.6161915,SCOOTER
2032,13913926.55304348,0.45,0.6164393,SCOOTER
2032,13918918.55304348,0.475,0.6166569,SCOOTER
2032,13922789.55304348,0.5,0.61682564,SCOOTER
2032,13927107.55304348,0.525,0.6170139,SCOOTER
2032,13931380.55304348,0.55,0.61720014,SCOOTER
2032,13934711.55304348,0.575,0.61734533,SCOOTER
2032,13938541.55304348,0.6,0.6175123,SCOOTER
2032,13941977.55304348,0.625,0.6176621,SCOOTER
2032,13946318.55304348,0.65,0.6178513,SCOOTER
2032,13951227.55304348,0.675,0.6180653,SCOOTER
2032,13955864.55304348,0.7,0.6182674,SCOOTER
2032,13961874.55304348,0.725,0.61852944,SCOOTER
2032,13967200.55304348,0.75,0.6187616,SCOOTER
2032,13971941.55304348,0.775,0.61896825,SCOOTER
2032,13976121.55304348,0.8,0.61915046,SCOOTER
2032,13981325.55304348,0.825,0.6193773,SCOOTER
2032,13987446.55304348,0.85,0.61964417,SCOOTER
2032,13992731.55304348,0.875,0.61987454,SCOOTER
2032,13998492.55304348,0.9,0.62012565,SCOOTER
2032,14007100.55304348,0.925,0.6205009,SCOOTER
2032,14020760.55304348,0.95,0.6210964,SCOOTER
2032,14047251.55304348,0.975,0.62225115,SCOOTER
2032,14118088.55304348,1.0,0.6253391,SCOOTER
2033,13635218.55304348,0.0,0.60647446,SCOOTER
2033,13723559.55304348,0.025,0.61033934,SCOOTER
2033,13747753.55304348,0.05,0.6113978,SCOOTER
2033,13761180.55304348,0.075,0.6119852,SCOOTER
2033,13771561.55304348,0.1,0.6124394,SCOOTER
2033,13778526.55304348,0.125,0.6127441,SCOOTER
2033,13784172.55304348,0.15,0.6129911,SCOOTER
2033,13797089.55304348,0.175,0.6135562,SCOOTER
2033,13806463.55304348,0.2,0.61396635,SCOOTER
2033,13812478.55304348,0.225,0.6142295,SCOOTER
2033,13818875.55304348,0.25,0.61450934,SCOOTER
2033,13825688.55304348,0.275,0.6148074,SCOOTER
2033,13832385.55304348,0.3,0.6151004,SCOOTER
2033,13839174.55304348,0.325,0.6153974,SCOOTER
2033,13848165.55304348,0.35,0.6157908,SCOOTER
2033,13855544.55304348,0.375,0.6161136,SCOOTER
2033,13863757.55304348,0.4,0.6164729,SCOOTER
2033,13870156.55304348,0.425,0.61675286,SCOOTER
2033,13875565.55304348,0.45,0.6169895,SCOOTER
2033,13880311.55304348,0.475,0.61719716,SCOOTER
2033,13885663.55304348,0.5,0.6174313,SCOOTER
2033,13889652.55304348,0.525,0.6176058,SCOOTER
2033,13892856.55304348,0.55,0.617746,SCOOTER
2033,13895268.55304348,0.575,0.6178515,SCOOTER
2033,13901397.55304348,0.6,0.61811966,SCOOTER
2033,13904284.55304348,0.625,0.61824596,SCOOTER
2033,13906962.55304348,0.65,0.6183631,SCOOTER
2033,13910829.55304348,0.675,0.6185323,SCOOTER
2033,13914774.55304348,0.7,0.61870486,SCOOTER
2033,13919726.55304348,0.725,0.6189215,SCOOTER
2033,13926112.55304348,0.75,0.6192009,SCOOTER
2033,13932945.55304348,0.775,0.61949986,SCOOTER
2033,13939692.55304348,0.8,0.619795,SCOOTER
2033,13944638.55304348,0.825,0.6200114,SCOOTER
2033,13949076.55304348,0.85,0.6202056,SCOOTER
2033,13954658.55304348,0.875,0.6204498,SCOOTER
2033,13962759.55304348,0.9,0.6208042,SCOOTER
2033,13972059.55304348,0.925,0.62121105,SCOOTER
2033,13985123.55304348,0.95,0.6217826,SCOOTER
2033,14010130.55304348,0.975,0.62287664,SCOOTER
2033,14050061.55304348,1.0,0.6246236,SCOOTER
2034,13578942.55304348,0.0,0.6065497,SCOOTER
2034,13672204.55304348,0.025,0.61064696,SCOOTER
2034,13695282.55304348,0.05,0.61166084,SCOOTER
2034,13708976.55304348,0.075,0.6122625,SCOOTER
2034,13720572.55304348,0.1,0.6127719,SCOOTER
2034,13732759.55304348,0.125,0.61330736,SCOOTER
2034,13744115.55304348,0.15,0.61380625,SCOOTER
2034,13751398.55304348,0.175,0.6141262,SCOOTER
2034,13759431.55304348,0.2,0.6144791,SCOOTER
2034,13766506.55304348,0.225,0.61478996,SCOOTER
2034,13773823.55304348,0.25,0.6151114,SCOOTER
2034,13780178.55304348,0.275,0.6153906,SCOOTER
2034,13790191.55304348,0.3,0.61583054,SCOOTER
2034,13799169.55304348,0.325,0.61622494,SCOOTER
2034,13805509.55304348,0.35,0.6165035,SCOOTER
2034,13811633.55304348,0.375,0.61677253,SCOOTER
2034,13816229.55304348,0.4,0.6169745,SCOOTER
2034,13822317.55304348,0.425,0.6172419,SCOOTER
2034,13827147.55304348,0.45,0.6174541,SCOOTER
2034,13831313.55304348,0.475,0.61763716,SCOOTER
2034,13834800.55304348,0.5,0.61779034,SCOOTER
2034,13839074.55304348,0.525,0.6179781,SCOOTER
2034,13844142.55304348,0.55,0.6182008,SCOOTER
2034,13848538.55304348,0.575,0.6183939,SCOOTER
2034,13853254.55304348,0.6,0.6186011,SCOOTER
2034,13859175.55304348,0.625,0.6188612,SCOOTER
2034,13863642.55304348,0.65,0.6190575,SCOOTER
2034,13868118.55304348,0.675,0.6192541,SCOOTER
2034,13872036.55304348,0.7,0.61942625,SCOOTER
2034,13875826.55304348,0.725,0.6195927,SCOOTER
2034,13879283.55304348,0.75,0.6197446,SCOOTER
2034,13884865.55304348,0.775,0.6199899,SCOOTER
2034,13888455.55304348,0.8,0.6201476,SCOOTER
2034,13893650.55304348,0.825,0.6203758,SCOOTER
2034,13898947.55304348,0.85,0.6206085,SCOOTER
2034,13907596.55304348,0.875,0.6209885,SCOOTER
2034,13914358.55304348,0.9,0.62128556,SCOOTER
2034,13926373.55304348,0.925,0.6218134,SCOOTER
2034,13939849.55304348,0.95,0.62240547,SCOOTER
2034,13964217.55304348,0.975,0.623476,SCOOTER
2034,14007189.55304348,1.0,0.62536395,SCOOTER
2035,13521832.55304348,0.0,0.6066534,SCOOTER
2035,13616149.55304348,0.025,0.610815,SCOOTER
2035,13639893.55304348,0.05,0.61186266,SCOOTER
2035,13652708.55304348,0.075,0.61242807,SCOOTER
2035,13668372.55304348,0.1,0.61311924,SCOOTER
2035,13679121.55304348,0.125,0.6135935,SCOOTER
2035,13688858.55304348,0.15,0.61402315,SCOOTER
2035,13697759.55304348,0.175,0.6144159,SCOOTER
2035,13702519.55304348,0.2,0.61462593,SCOOTER
2035,13711112.55304348,0.225,0.6150051,SCOOTER
2035,13716902.55304348,0.25,0.61526054,SCOOTER
2035,13721987.55304348,0.275,0.6154849,SCOOTER
2035,13729033.55304348,0.3,0.6157958,SCOOTER
2035,13740065.55304348,0.325,0.6162826,SCOOTER
2035,13748739.55304348,0.35,0.6166653,SCOOTER
2035,13757238.55304348,0.375,0.6170403,SCOOTER
2035,13764665.55304348,0.4,0.617368,SCOOTER
2035,13769951.55304348,0.425,0.6176012,SCOOTER
2035,13773942.55304348,0.45,0.61777735,SCOOTER
2035,13782547.55304348,0.475,0.618157,SCOOTER
2035,13786291.55304348,0.5,0.6183222,SCOOTER
2035,13790716.55304348,0.525,0.61851746,SCOOTER
2035,13795394.55304348,0.55,0.61872387,SCOOTER
2035,13799871.55304348,0.575,0.6189214,SCOOTER
2035,13803609.55304348,0.6,0.6190863,SCOOTER
2035,13808581.55304348,0.625,0.61930573,SCOOTER
2035,13813086.55304348,0.65,0.6195045,SCOOTER
2035,13817388.55304348,0.675,0.6196943,SCOOTER
2035,13821686.55304348,0.7,0.61988395,SCOOTER
2035,13827331.55304348,0.725,0.62013304,SCOOTER
2035,13831886.55304348,0.75,0.620334,SCOOTER
2035,13837769.55304348,0.775,0.6205936,SCOOTER
2035,13842416.55304348,0.8,0.62079865,SCOOTER
2035,13847697.55304348,0.825,0.62103164,SCOOTER
2035,13854250.55304348,0.85,0.6213208,SCOOTER
2035,13862798.55304348,0.875,0.62169796,SCOOTER
2035,13871568.55304348,0.9,0.6220849,SCOOTER
2035,13883630.55304348,0.925,0.6226171,SCOOTER
2035,13895703.55304348,0.95,0.6231498,SCOOTER
2035,13915744.55304348,0.975,0.6240341,SCOOTER
2035,13980078.55304348,1.0,0.6268727,SCOOTER
2036,13478640.55304348,0.0,0.60726684,SCOOTER
2036,13571265.55304348,0.025,0.6113708,SCOOTER
2036,13587363.55304348,0.05,0.61208403,SCOOTER
2036,13603427.55304348,0.075,0.61279577,SCOOTER
2036,13617693.55304348,0.1,0.6134279,SCOOTER
2036,13628310.55304348,0.125,0.6138983,SCOOTER
2036,13640476.55304348,0.15,0.61443734,SCOOTER
2036,13647114.55304348,0.175,0.61473143,SCOOTER
2036,13652905.55304348,0.2,0.614988,SCOOTER
2036,13660215.55304348,0.225,0.6153119,SCOOTER
2036,13667765.55304348,0.25,0.6156464,SCOOTER
2036,13676598.55304348,0.275,0.6160378,SCOOTER
2036,13684601.55304348,0.3,0.6163924,SCOOTER
2036,13690647.55304348,0.325,0.61666024,SCOOTER
2036,13700304.55304348,0.35,0.61708814,SCOOTER
2036,13708658.55304348,0.375,0.6174583,SCOOTER
2036,13717103.55304348,0.4,0.6178324,SCOOTER
2036,13723214.55304348,0.425,0.6181032,SCOOTER
2036,13728572.55304348,0.45,0.6183406,SCOOTER
2036,13732499.55304348,0.475,0.6185146,SCOOTER
2036,13736200.55304348,0.5,0.61867857,SCOOTER
2036,13740109.55304348,0.525,0.6188518,SCOOTER
2036,13743919.55304348,0.55,0.6190206,SCOOTER
2036,13748342.55304348,0.575,0.61921656,SCOOTER
2036,13752032.55304348,0.6,0.61938006,SCOOTER
2036,13757631.55304348,0.625,0.61962813,SCOOTER
2036,13762711.55304348,0.65,0.6198532,SCOOTER
2036,13767430.55304348,0.675,0.6200623,SCOOTER
2036,13771631.55304348,0.7,0.62024844,SCOOTER
2036,13777052.55304348,0.725,0.6204886,SCOOTER
2036,13782829.55304348,0.75,0.6207446,SCOOTER
2036,13788236.55304348,0.775,0.62098414,SCOOTER
2036,13793251.55304348,0.8,0.62120634,SCOOTER
2036,13798476.55304348,0.825,0.62143785,SCOOTER
2036,13804416.55304348,0.85,0.621701,SCOOTER
2036,13810684.55304348,0.875,0.62197876,SCOOTER
2036,13820292.55304348,0.9,0.62240446,SCOOTER
2036,13829428.55304348,0.925,0.62280923,SCOOTER
2036,13848274.55304348,0.95,0.62364423,SCOOTER
2036,13868189.55304348,0.975,0.6245266,SCOOTER
2036,13928317.55304348,1.0,0.6271907,SCOOTER
2037,13395167.55304348,0.0,0.6065752,SCOOTER
2037,13486087.55304348,0.025,0.61062366,SCOOTER
2037,13523823.55304348,0.05,0.612304,SCOOTER
2037,13536425.55304348,0.075,0.6128651,SCOOTER
2037,13551010.55304348,0.1,0.61351454,SCOOTER
2037,13561380.55304348,0.125,0.6139763,SCOOTER
2037,13572740.55304348,0.15,0.6144821,SCOOTER
2037,13584324.55304348,0.175,0.6149979,SCOOTER
2037,13591188.55304348,0.2,0.6153036,SCOOTER
2037,13597623.55304348,0.225,0.6155901,SCOOTER
2037,13603692.55304348,0.25,0.61586034,SCOOTER
2037,13608055.55304348,0.275,0.6160546,SCOOTER
2037,13620178.55304348,0.3,0.61659443,SCOOTER
2037,13629979.55304348,0.325,0.61703086,SCOOTER
2037,13638188.55304348,0.35,0.61739635,SCOOTER
2037,13647502.55304348,0.375,0.6178111,SCOOTER
2037,13656359.55304348,0.4,0.6182055,SCOOTER
2037,13662302.55304348,0.425,0.61847013,SCOOTER
2037,13668726.55304348,0.45,0.6187562,SCOOTER
2037,13674032.55304348,0.475,0.61899245,SCOOTER
2037,13678536.55304348,0.5,0.61919296,SCOOTER
2037,13681538.55304348,0.525,0.61932665,SCOOTER
2037,13685191.55304348,0.55,0.6194893,SCOOTER
2037,13689236.55304348,0.575,0.61966944,SCOOTER
2037,13694413.55304348,0.6,0.6198999,SCOOTER
2037,13699060.55304348,0.625,0.6201069,SCOOTER
2037,13704210.55304348,0.65,0.6203362,SCOOTER
2037,13709283.55304348,0.675,0.6205621,SCOOTER
2037,13714865.55304348,0.7,0.6208106,SCOOTER
2037,13721277.55304348,0.725,0.62109613,SCOOTER
2037,13725548.55304348,0.75,0.62128633,SCOOTER
2037,13729172.55304348,0.775,0.6214477,SCOOTER
2037,13733220.55304348,0.8,0.6216279,SCOOTER
2037,13737766.55304348,0.825,0.62183034,SCOOTER
2037,13745900.55304348,0.85,0.62219256,SCOOTER
2037,13751532.55304348,0.875,0.6224433,SCOOTER
2037,13760465.55304348,0.9,0.6228411,SCOOTER
2037,13773344.55304348,0.925,0.6234146,SCOOTER
2037,13787864.55304348,0.95,0.6240611,SCOOTER
2037,13802144.55304348,0.975,0.62469697,SCOOTER
2037,13866241.55304348,1.0,0.6275511,SCOOTER
2038,13321303.55304348,0.0,0.6063758,SCOOTER
2038,13426577.55304348,0.025,0.61108744,SCOOTER
2038,13451070.55304348,0.05,0.61218363,SCOOTER
2038,13467312.55304348,0.075,0.61291057,SCOOTER
2038,13483748.55304348,0.1,0.61364615,SCOOTER
2038,13492664.55304348,0.125,0.6140452,SCOOTER
2038,13503564.55304348,0.15,0.61453307,SCOOTER
2038,13512533.55304348,0.175,0.61493444,SCOOTER
2038,13519298.55304348,0.2,0.61523724,SCOOTER
2038,13526584.55304348,0.225,0.61556333,SCOOTER
2038,13535911.55304348,0.25,0.61598074,SCOOTER
2038,13543127.55304348,0.275,0.61630374,SCOOTER
2038,13552298.55304348,0.3,0.6167142,SCOOTER
2038,13560694.55304348,0.325,0.6170899,SCOOTER
2038,13572255.55304348,0.35,0.61760736,SCOOTER
2038,13579160.55304348,0.375,0.6179164,SCOOTER
2038,13587188.55304348,0.4,0.6182757,SCOOTER
2038,13597485.55304348,0.425,0.61873657,SCOOTER
2038,13606455.55304348,0.45,0.619138,SCOOTER
2038,13611594.55304348,0.475,0.619368,SCOOTER
2038,13616504.55304348,0.5,0.6195878,SCOOTER
2038,13620725.55304348,0.525,0.61977667,SCOOTER
2038,13626716.55304348,0.55,0.6200448,SCOOTER
2038,13631175.55304348,0.575,0.6202444,SCOOTER
2038,13635407.55304348,0.6,0.6204338,SCOOTER
2038,13639276.55304348,0.625,0.62060696,SCOOTER
2038,13641703.55304348,0.65,0.62071556,SCOOTER
2038,13647793.55304348,0.675,0.62098813,SCOOTER
2038,13652344.55304348,0.7,0.6211918,SCOOTER
2038,13656311.55304348,0.725,0.62136936,SCOOTER
2038,13660751.55304348,0.75,0.6215681,SCOOTER
2038,13666078.55304348,0.775,0.6218065,SCOOTER
2038,13671308.55304348,0.8,0.62204057,SCOOTER
2038,13676093.55304348,0.825,0.6222547,SCOOTER
2038,13682663.55304348,0.85,0.62254876,SCOOTER
2038,13692302.55304348,0.875,0.6229802,SCOOTER
2038,13702200.55304348,0.9,0.62342316,SCOOTER
2038,13713816.55304348,0.925,0.62394303,SCOOTER
2038,13731137.55304348,0.95,0.62471825,SCOOTER
2038,13752830.55304348,0.975,0.62568915,SCOOTER
2038,13841902.55304348,1.0,0.6296756,SCOOTER
2039,13258537.55304348,0.0,0.606941,SCOOTER
2039,13348493.55304348,0.025,0.6109895,SCOOTER
2039,13386950.55304348,0.05,0.6127203,SCOOTER
2039,13396859.55304348,0.075,0.6131663,SCOOTER
2039,13411674.55304348,0.1,0.61383307,SCOOTER
2039,13420595.55304348,0.125,0.61423457,SCOOTER
2039,13429567.55304348,0.15,0.6146383,SCOOTER
2039,13441168.55304348,0.175,0.61516047,SCOOTER
2039,13449166.55304348,0.2,0.6155204,SCOOTER
2039,13460108.55304348,0.225,0.6160129,SCOOTER
2039,13466173.55304348,0.25,0.61628586,SCOOTER
2039,13473701.55304348,0.275,0.61662465,SCOOTER
2039,13481355.55304348,0.3,0.6169691,SCOOTER
2039,13488909.55304348,0.325,0.6173091,SCOOTER
2039,13497654.55304348,0.35,0.61770266,SCOOTER
2039,13506914.55304348,0.375,0.6181194,SCOOTER
2039,13516514.55304348,0.4,0.6185515,SCOOTER
2039,13526900.55304348,0.425,0.6190189,SCOOTER
2039,13533181.55304348,0.45,0.6193016,SCOOTER
2039,13537994.55304348,0.475,0.6195182,SCOOTER
2039,13544064.55304348,0.5,0.6197914,SCOOTER
2039,13548037.55304348,0.525,0.6199702,SCOOTER
2039,13551556.55304348,0.55,0.6201286,SCOOTER
2039,13556175.55304348,0.575,0.6203365,SCOOTER
2039,13562429.55304348,0.6,0.6206179,SCOOTER
2039,13566537.55304348,0.625,0.6208028,SCOOTER
2039,13572387.55304348,0.65,0.6210661,SCOOTER
2039,13577493.55304348,0.675,0.6212959,SCOOTER
2039,13581862.55304348,0.7,0.62149256,SCOOTER
2039,13586681.55304348,0.725,0.6217094,SCOOTER
2039,13592400.55304348,0.75,0.62196684,SCOOTER
2039,13598184.55304348,0.775,0.62222713,SCOOTER
2039,13604663.55304348,0.8,0.6225187,SCOOTER
2039,13608511.55304348,0.825,0.6226919,SCOOTER
2039,13614234.55304348,0.85,0.6229495,SCOOTER
2039,13620991.55304348,0.875,0.6232536,SCOOTER
2039,13630431.55304348,0.9,0.62367845,SCOOTER
2039,13644375.55304348,0.925,0.624306,SCOOTER
2039,13660171.55304348,0.95,0.6250169,SCOOTER
2039,13680331.55304348,0.975,0.6259242,SCOOTER
2039,13744077.55304348,1.0,0.6287932,SCOOTER
2040,13174128.55304348,0.0,0.60673124,SCOOTER
2040,13265812.55304348,0.025,0.6108821,SCOOTER
2040,13306499.55304348,0.05,0.6127242,SCOOTER
2040,13325355.55304348,0.075,0.61357784,SCOOTER
2040,13340752.55304348,0.1,0.6142749,SCOOTER
2040,13349216.55304348,0.125,0.6146581,SCOOTER
2040,13360613.55304348,0.15,0.6151741,SCOOTER
2040,13367956.55304348,0.175,0.6155066,SCOOTER
2040,13371907.55304348,0.2,0.61568546,SCOOTER
2040,13378312.55304348,0.225,0.61597544,SCOOTER
2040,13385977.55304348,0.25,0.61632246,SCOOTER
2040,13395302.55304348,0.275,0.61674464,SCOOTER
2040,13407700.55304348,0.3,0.61730593,SCOOTER
2040,13418286.55304348,0.325,0.6177852,SCOOTER
2040,13427909.55304348,0.35,0.61822087,SCOOTER
2040,13437117.55304348,0.375,0.61863774,SCOOTER
2040,13448004.55304348,0.4,0.6191307,SCOOTER
2040,13454802.55304348,0.425,0.6194384,SCOOTER
2040,13460373.55304348,0.45,0.61969066,SCOOTER
2040,13466148.55304348,0.475,0.6199521,SCOOTER
2040,13471181.55304348,0.5,0.62017995,SCOOTER
2040,13476843.55304348,0.525,0.6204363,SCOOTER
2040,13480104.55304348,0.55,0.62058395,SCOOTER
2040,13484874.55304348,0.575,0.6207999,SCOOTER
2040,13489063.55304348,0.6,0.62098956,SCOOTER
2040,13494228.55304348,0.625,0.6212234,SCOOTER
2040,13499944.55304348,0.65,0.6214822,SCOOTER
2040,13504900.55304348,0.675,0.62170655,SCOOTER
2040,13508489.55304348,0.7,0.621869,SCOOTER
2040,13511879.55304348,0.725,0.6220225,SCOOTER
2040,13519137.55304348,0.75,0.6223511,SCOOTER
2040,13522943.55304348,0.775,0.6225234,SCOOTER
2040,13528155.55304348,0.8,0.6227594,SCOOTER
2040,13533190.55304348,0.825,0.62298733,SCOOTER
2040,13538562.55304348,0.85,0.6232306,SCOOTER
2040,13543570.55304348,0.875,0.6234573,SCOOTER
2040,13553829.55304348,0.9,0.62392175,SCOOTER
2040,13564817.55304348,0.925,0.6244192,SCOOTER
2040,13581904.55304348,0.95,0.6251928,SCOOTER
2040,13601064.55304348,0.975,0.62606025,SCOOTER
2040,13677034.55304348,1.0,0.62949973,SCOOTER
2041,13085813.55304348,0.0,0.606538,SCOOTER
2041,13186428.55304348,0.025,0.61112195,SCOOTER
2041,13225590.55304348,0.05,0.61290616,SCOOTER
2041,13243552.55304348,0.075,0.6137245,SCOOTER
2041,13253829.55304348,0.1,0.6141927,SCOOTER
2041,13263693.55304348,0.125,0.61464214,SCOOTER
2041,13269532.55304348,0.15,0.61490816,SCOOTER
2041,13279849.55304348,0.175,0.6153782,SCOOTER
2041,13289321.55304348,0.2,0.61580974,SCOOTER
2041,13300210.55304348,0.225,0.6163058,SCOOTER
2041,13306790.55304348,0.25,0.61660564,SCOOTER
2041,13317264.55304348,0.275,0.61708283,SCOOTER
2041,13324987.55304348,0.3,0.6174347,SCOOTER
2041,13336424.55304348,0.325,0.61795574,SCOOTER
2041,13347246.55304348,0.35,0.6184488,SCOOTER
2041,13361785.55304348,0.375,0.6191112,SCOOTER
2041,13369608.55304348,0.4,0.6194676,SCOOTER
2041,13374306.55304348,0.425,0.61968166,SCOOTER
2041,13381087.55304348,0.45,0.6199906,SCOOTER
2041,13385110.55304348,0.475,0.6201739,SCOOTER
2041,13391390.55304348,0.5,0.62046,SCOOTER
2041,13394802.55304348,0.525,0.6206154,SCOOTER
2041,13398431.55304348,0.55,0.62078077,SCOOTER
2041,13403900.55304348,0.575,0.6210299,SCOOTER
2041,13409551.55304348,0.6,0.6212874,SCOOTER
2041,13414170.55304348,0.625,0.6214978,SCOOTER
2041,13418063.55304348,0.65,0.6216752,SCOOTER
2041,13424188.55304348,0.675,0.62195426,SCOOTER
2041,13427793.55304348,0.7,0.6221185,SCOOTER
2041,13432533.55304348,0.725,0.6223344,SCOOTER
2041,13437511.55304348,0.75,0.6225612,SCOOTER
2041,13442673.55304348,0.775,0.6227964,SCOOTER
2041,13447661.55304348,0.8,0.6230237,SCOOTER
2041,13452507.55304348,0.825,0.62324446,SCOOTER
2041,13457621.55304348,0.85,0.62347746,SCOOTER
2041,13464445.55304348,0.875,0.62378836,SCOOTER
2041,13473428.55304348,0.9,0.6241976,SCOOTER
2041,13488225.55304348,0.925,0.62487173,SCOOTER
2041,13503754.55304348,0.95,0.62557924,SCOOTER
2041,13530249.55304348,0.975,0.62678635,SCOOTER
2041,13609120.55304348,1.0,0.6303797,SCOOTER
2042,12972647.55304348,0.0,0.6053572,SCOOTER
2042,13088963.55304348,0.025,0.61069155,SCOOTER
2042,13128883.55304348,0.05,0.6125223,SCOOTER
2042,13141599.55304348,0.075,0.6131055,SCOOTER
2042,13158937.55304348,0.1,0.6139006,SCOOTER
2042,13169849.55304348,0.125,0.61440104,SCOOTER
2042,13178836.55304348,0.15,0.6148132,SCOOTER
2042,13188023.55304348,0.175,0.61523455,SCOOTER
2042,13196092.55304348,0.2,0.6156046,SCOOTER
2042,13209035.55304348,0.225,0.6161982,SCOOTER
2042,13216875.55304348,0.25,0.6165577,SCOOTER
2042,13228808.55304348,0.275,0.61710495,SCOOTER
2042,13238683.55304348,0.3,0.6175578,SCOOTER
2042,13248591.55304348,0.325,0.61801225,SCOOTER
2042,13259696.55304348,0.35,0.6185215,SCOOTER
2042,13272412.55304348,0.375,0.6191047,SCOOTER
2042,13282336.55304348,0.4,0.6195598,SCOOTER
2042,13289750.55304348,0.425,0.6198998,SCOOTER
2042,13295532.55304348,0.45,0.620165,SCOOTER
2042,13299826.55304348,0.475,0.6203619,SCOOTER
2042,13304353.55304348,0.5,0.6205695,SCOOTER
2042,13308494.55304348,0.525,0.6207594,SCOOTER
2042,13313366.55304348,0.55,0.6209829,SCOOTER
2042,13317607.55304348,0.575,0.6211774,SCOOTER
2042,13322510.55304348,0.6,0.6214022,SCOOTER
2042,13328626.55304348,0.625,0.6216827,SCOOTER
2042,13333154.55304348,0.65,0.62189037,SCOOTER
2042,13339348.55304348,0.675,0.62217444,SCOOTER
2042,13343919.55304348,0.7,0.6223841,SCOOTER
2042,13347929.55304348,0.725,0.62256795,SCOOTER
2042,13353119.55304348,0.75,0.62280595,SCOOTER
2042,13358112.55304348,0.775,0.62303495,SCOOTER
2042,13362062.55304348,0.8,0.6232161,SCOOTER
2042,13367136.55304348,0.825,0.6234488,SCOOTER
2042,13375847.55304348,0.85,0.6238483,SCOOTER
2042,13382250.55304348,0.875,0.62414193,SCOOTER
2042,13390022.55304348,0.9,0.62449837,SCOOTER
2042,13399773.55304348,0.925,0.6249456,SCOOTER
2042,13418297.55304348,0.95,0.62579507,SCOOTER
2042,13439336.55304348,0.975,0.62675995,SCOOTER
2042,13508758.55304348,1.0,0.6299437,SCOOTER
2043,12868171.55304348,0.0,0.60472965,SCOOTER
2043,12989787.55304348,0.025,0.6103457,SCOOTER
2043,13019399.55304348,0.05,0.6117132,SCOOTER
2043,13038960.55304348,0.075,0.6126165,SCOOTER
2043,13056097.55304348,0.1,0.61340785,SCOOTER
2043,13071258.55304348,0.125,0.61410797,SCOOTER
2043,13079346.55304348,0.15,0.61448145,SCOOTER
2043,13089425.55304348,0.175,0.6149469,SCOOTER
2043,13101262.55304348,0.2,0.61549354,SCOOTER
2043,13108678.55304348,0.225,0.61583596,SCOOTER
2043,13119113.55304348,0.25,0.61631787,SCOOTER
2043,13126707.55304348,0.275,0.6166685,SCOOTER
2043,13135116.55304348,0.3,0.61705685,SCOOTER
2043,13148760.55304348,0.325,0.6176869,SCOOTER
2043,13159190.55304348,0.35,0.6181686,SCOOTER
2043,13167166.55304348,0.375,0.6185369,SCOOTER
2043,13184800.55304348,0.4,0.6193512,SCOOTER
2043,13195167.55304348,0.425,0.61982995,SCOOTER
2043,13201493.55304348,0.45,0.6201221,SCOOTER
2043,13209036.55304348,0.475,0.6204704,SCOOTER
2043,13214701.55304348,0.5,0.620732,SCOOTER
2043,13219740.55304348,0.525,0.6209647,SCOOTER
2043,13225985.55304348,0.55,0.6212531,SCOOTER
2043,13230119.55304348,0.575,0.621444,SCOOTER
2043,13234912.55304348,0.6,0.6216653,SCOOTER
2043,13242053.55304348,0.625,0.6219951,SCOOTER
2043,13247183.55304348,0.65,0.62223196,SCOOTER
2043,13251370.55304348,0.675,0.6224253,SCOOTER
2043,13255486.55304348,0.7,0.6226154,SCOOTER
2043,13259916.55304348,0.725,0.62281996,SCOOTER
2043,13265485.55304348,0.75,0.62307715,SCOOTER
2043,13270664.55304348,0.775,0.6233163,SCOOTER
2043,13274713.55304348,0.8,0.62350327,SCOOTER
2043,13279970.55304348,0.825,0.62374604,SCOOTER
2043,13290162.55304348,0.85,0.6242167,SCOOTER
2043,13296232.55304348,0.875,0.624497,SCOOTER
2043,13305981.55304348,0.9,0.6249472,SCOOTER
2043,13317353.55304348,0.925,0.62547237,SCOOTER
2043,13331517.55304348,0.95,0.6261264,SCOOTER
2043,13358169.55304348,0.975,0.6273572,SCOOTER
2043,13429034.55304348,1.0,0.63062966,SCOOTER
2044,12779998.55304348,0.0,0.60501814,SCOOTER
2044,12892557.55304348,0.025,0.61025375,SCOOTER
2044,12922476.55304348,0.05,0.6116454,SCOOTER
2044,12943457.55304348,0.075,0.6126213,SCOOTER
2044,12957636.55304348,0.1,0.61328083,SCOOTER
2044,12969267.55304348,0.125,0.6138218,SCOOTER
2044,12979259.55304348,0.15,0.6142866,SCOOTER
2044,12987513.55304348,0.175,0.6146705,SCOOTER
2044,12998536.55304348,0.2,0.61518323,SCOOTER
2044,13006838.55304348,0.225,0.6155694,SCOOTER
2044,13016744.55304348,0.25,0.61603016,SCOOTER
2044,13025936.55304348,0.275,0.6164577,SCOOTER
2044,13032249.55304348,0.3,0.6167514,SCOOTER
2044,13045816.55304348,0.325,0.6173824,SCOOTER
2044,13055998.55304348,0.35,0.617856,SCOOTER
2044,13071598.55304348,0.375,0.61858165,SCOOTER
2044,13082321.55304348,0.4,0.6190804,SCOOTER
2044,13095831.55304348,0.425,0.61970884,SCOOTER
2044,13105150.55304348,0.45,0.6201423,SCOOTER
2044,13111574.55304348,0.475,0.6204411,SCOOTER
2044,13118002.55304348,0.5,0.62074006,SCOOTER
2044,13123171.55304348,0.525,0.6209805,SCOOTER
2044,13127052.55304348,0.55,0.62116104,SCOOTER
2044,13131394.55304348,0.575,0.621363,SCOOTER
2044,13136445.55304348,0.6,0.62159795,SCOOTER
2044,13140186.55304348,0.625,0.62177193,SCOOTER
2044,13145136.55304348,0.65,0.6220022,SCOOTER
2044,13149852.55304348,0.675,0.6222215,SCOOTER
2044,13156438.55304348,0.7,0.6225279,SCOOTER
2044,13160582.55304348,0.725,0.62272066,SCOOTER
2044,13166664.55304348,0.75,0.62300354,SCOOTER
2044,13172214.55304348,0.775,0.6232617,SCOOTER
2044,13175940.55304348,0.8,0.623435,SCOOTER
2044,13183188.55304348,0.825,0.62377214,SCOOTER
2044,13187737.55304348,0.85,0.62398374,SCOOTER
2044,13198409.55304348,0.875,0.6244801,SCOOTER
2044,13207810.55304348,0.9,0.6249174,SCOOTER
2044,13218010.55304348,0.925,0.62539184,SCOOTER
2044,13234498.55304348,0.95,0.6261588,SCOOTER
2044,13268796.55304348,0.975,0.6277541,SCOOTER
2044,13339569.55304348,1.0,0.63104606,SCOOTER
2045,12679056.55304348,0.0,0.6048628,SCOOTER
2045,12796412.55304348,0.025,0.61036277,SCOOTER
2045,12829825.55304348,0.05,0.6119287,SCOOTER
2045,12848774.55304348,0.075,0.61281675,SCOOTER
2045,12868738.55304348,0.1,0.61375237,SCOOTER
2045,12882680.55304348,0.125,0.6144058,SCOOTER
2045,12892844.55304348,0.15,0.6148821,SCOOTER
2045,12902199.55304348,0.175,0.61532056,SCOOTER
2045,12909439.55304348,0.2,0.6156599,SCOOTER
2045,12918467.55304348,0.225,0.61608297,SCOOTER
2045,12928369.55304348,0.25,0.61654705,SCOOTER
2045,12943281.55304348,0.275,0.6172459,SCOOTER
2045,12956217.55304348,0.3,0.61785215,SCOOTER
2045,12968632.55304348,0.325,0.618434,SCOOTER
2045,12981722.55304348,0.35,0.61904746,SCOOTER
2045,12995380.55304348,0.375,0.61968756,SCOOTER
2045,13004317.55304348,0.4,0.6201064,SCOOTER
2045,13011987.55304348,0.425,0.6204659,SCOOTER
2045,13018386.55304348,0.45,0.62076575,SCOOTER
2045,13023567.55304348,0.475,0.6210086,SCOOTER
2045,13026770.55304348,0.5,0.62115866,SCOOTER
2045,13031544.55304348,0.525,0.6213824,SCOOTER
2045,13035845.55304348,0.55,0.621584,SCOOTER
2045,13041212.55304348,0.575,0.62183553,SCOOTER
2045,13044965.55304348,0.6,0.6220114,SCOOTER
2045,13049045.55304348,0.625,0.62220263,SCOOTER
2045,13052544.55304348,0.65,0.6223666,SCOOTER
2045,13058027.55304348,0.675,0.62262356,SCOOTER
2045,13062543.55304348,0.7,0.6228352,SCOOTER
2045,13065924.55304348,0.725,0.62299365,SCOOTER
2045,13071621.55304348,0.75,0.6232607,SCOOTER
2045,13077107.55304348,0.775,0.62351775,SCOOTER
2045,13081687.55304348,0.8,0.6237324,SCOOTER
2045,13088665.55304348,0.825,0.62405944,SCOOTER
2045,13096271.55304348,0.85,0.6244159,SCOOTER
2045,13106046.55304348,0.875,0.624874,SCOOTER
2045,13116980.55304348,0.9,0.6253864,SCOOTER
2045,13128858.55304348,0.925,0.6259431,SCOOTER
2045,13145429.55304348,0.95,0.6267197,SCOOTER
2045,13174602.55304348,0.975,0.6280869,SCOOTER
2045,13256472.55304348,1.0,0.63192385,SCOOTER
2046,12541068.55304348,0.0,0.60311204,SCOOTER
2046,12701841.55304348,0.025,0.6107062,SCOOTER
2046,12727880.55304348,0.05,0.61193615,SCOOTER
2046,12749271.55304348,0.075,0.61294657,SCOOTER
2046,12761268.55304348,0.1,0.61351323,SCOOTER
2046,12773800.55304348,0.125,0.61410517,SCOOTER
2046,12785643.55304348,0.15,0.6146646,SCOOTER
2046,12794024.55304348,0.175,0.61506045,SCOOTER
2046,12807504.55304348,0.2,0.6156972,SCOOTER
2046,12816713.55304348,0.225,0.6161322,SCOOTER
2046,12824936.55304348,0.25,0.6165206,SCOOTER
2046,12835786.55304348,0.275,0.6170331,SCOOTER
2046,12848184.55304348,0.3,0.61761874,SCOOTER
2046,12856677.55304348,0.325,0.6180199,SCOOTER
2046,12872752.55304348,0.35,0.6187792,SCOOTER
2046,12885965.55304348,0.375,0.6194033,SCOOTER
2046,12897272.55304348,0.4,0.6199374,SCOOTER
2046,12907218.55304348,0.425,0.6204072,SCOOTER
2046,12912525.55304348,0.45,0.62065786,SCOOTER
2046,12918240.55304348,0.475,0.6209278,SCOOTER
2046,12923950.55304348,0.5,0.6211975,SCOOTER
2046,12927088.55304348,0.525,0.62134576,SCOOTER
2046,12929945.55304348,0.55,0.6214807,SCOOTER
2046,12935103.55304348,0.575,0.62172437,SCOOTER
2046,12940214.55304348,0.6,0.62196577,SCOOTER
2046,12944640.55304348,0.625,0.62217486,SCOOTER
2046,12950200.55304348,0.65,0.6224375,SCOOTER
2046,12954862.55304348,0.675,0.62265766,SCOOTER
2046,12960194.55304348,0.7,0.62290955,SCOOTER
2046,12966399.55304348,0.725,0.6232026,SCOOTER
2046,12972121.55304348,0.75,0.6234729,SCOOTER
2046,12977878.55304348,0.775,0.62374485,SCOOTER
2046,12981920.55304348,0.8,0.62393576,SCOOTER
2046,12988926.55304348,0.825,0.6242667,SCOOTER
2046,12998922.55304348,0.85,0.6247389,SCOOTER
2046,13008564.55304348,0.875,0.6251943,SCOOTER
2046,13019574.55304348,0.9,0.62571436,SCOOTER
2046,13030898.55304348,0.925,0.62624925,SCOOTER
2046,13045591.55304348,0.95,0.6269433,SCOOTER
2046,13074914.55304348,0.975,0.6283283,SCOOTER
2046,13123324.55304348,1.0,0.630615,SCOOTER
2047,12446922.55304348,0.0,0.6035977,SCOOTER
2047,12577338.55304348,0.025,0.6098087,SCOOTER
2047,12614860.55304348,0.05,0.61159563,SCOOTER
2047,12634701.55304348,0.075,0.61254054,SCOOTER
2047,12653369.55304348,0.1,0.6134296,SCOOTER
2047,12664250.55304348,0.125,0.6139478,SCOOTER
2047,12675407.55304348,0.15,0.6144791,SCOOTER
2047,12684087.55304348,0.175,0.61489254,SCOOTER
2047,12698245.55304348,0.2,0.6155668,SCOOTER
2047,12709174.55304348,0.225,0.61608726,SCOOTER
2047,12717401.55304348,0.25,0.6164791,SCOOTER
2047,12727807.55304348,0.275,0.61697465,SCOOTER
2047,12741879.55304348,0.3,0.61764485,SCOOTER
2047,12753324.55304348,0.325,0.6181899,SCOOTER
2047,12767052.55304348,0.35,0.6188437,SCOOTER
2047,12782777.55304348,0.375,0.61959255,SCOOTER
2047,12794387.55304348,0.4,0.6201455,SCOOTER
2047,12802829.55304348,0.425,0.62054753,SCOOTER
2047,12810546.55304348,0.45,0.62091506,SCOOTER
2047,12816763.55304348,0.475,0.6212111,SCOOTER
2047,12820133.55304348,0.5,0.6213716,SCOOTER
2047,12823246.55304348,0.525,0.62151986,SCOOTER
2047,12830786.55304348,0.55,0.621879,SCOOTER
2047,12835209.55304348,0.575,0.6220896,SCOOTER
2047,12838840.55304348,0.6,0.62226254,SCOOTER
2047,12844257.55304348,0.625,0.6225205,SCOOTER
2047,12849208.55304348,0.65,0.6227563,SCOOTER
2047,12853744.55304348,0.675,0.6229723,SCOOTER
2047,12857795.55304348,0.7,0.62316525,SCOOTER
2047,12861019.55304348,0.725,0.6233188,SCOOTER
2047,12868328.55304348,0.75,0.6236669,SCOOTER
2047,12873839.55304348,0.775,0.6239293,SCOOTER
2047,12877848.55304348,0.8,0.62412024,SCOOTER
2047,12883777.55304348,0.825,0.62440264,SCOOTER
2047,12890641.55304348,0.85,0.6247295,SCOOTER
2047,12899865.55304348,0.875,0.6251688,SCOOTER
2047,12912019.55304348,0.9,0.6257476,SCOOTER
2047,12923200.55304348,0.925,0.6262801,SCOOTER
2047,12937203.55304348,0.95,0.626947,SCOOTER
2047,12969479.55304348,0.975,0.62848413,SCOOTER
2047,13037683.55304348,1.0,0.6317323,SCOOTER
2048,12334586.55304348,0.0,0.6033834,SCOOTER
2048,12454606.55304348,0.025,0.6091484,SCOOTER
2048,12496648.55304348,0.05,0.6111678,SCOOTER
2048,12518995.55304348,0.075,0.61224115,SCOOTER
2048,12533523.55304348,0.1,0.612939,SCOOTER
2048,12545322.55304348,0.125,0.6135057,SCOOTER
2048,12552430.55304348,0.15,0.61384714,SCOOTER
2048,12560798.55304348,0.175,0.6142491,SCOOTER
2048,12569672.55304348,0.2,0.61467534,SCOOTER
2048,12582412.55304348,0.225,0.6152873,SCOOTER
2048,12595619.55304348,0.25,0.6159217,SCOOTER
2048,12608525.55304348,0.275,0.61654156,SCOOTER
2048,12619681.55304348,0.3,0.6170774,SCOOTER
2048,12639436.55304348,0.325,0.6180263,SCOOTER
2048,12652900.55304348,0.35,0.618673,SCOOTER
2048,12671429.55304348,0.375,0.61956304,SCOOTER
2048,12682231.55304348,0.4,0.6200819,SCOOTER
2048,12688531.55304348,0.425,0.6203845,SCOOTER
2048,12698642.55304348,0.45,0.6208702,SCOOTER
2048,12703637.55304348,0.475,0.6211101,SCOOTER
2048,12708606.55304348,0.5,0.6213488,SCOOTER
2048,12713036.55304348,0.525,0.6215616,SCOOTER
2048,12718268.55304348,0.55,0.6218129,SCOOTER
2048,12722948.55304348,0.575,0.62203765,SCOOTER
2048,12730800.55304348,0.6,0.6224148,SCOOTER
2048,12736392.55304348,0.625,0.6226834,SCOOTER
2048,12740278.55304348,0.65,0.6228701,SCOOTER
2048,12744717.55304348,0.675,0.6230833,SCOOTER
2048,12749857.55304348,0.7,0.6233302,SCOOTER
2048,12754915.55304348,0.725,0.6235731,SCOOTER
2048,12758389.55304348,0.75,0.62374,SCOOTER
2048,12763556.55304348,0.775,0.6239882,SCOOTER
2048,12768037.55304348,0.8,0.62420344,SCOOTER
2048,12775363.55304348,0.825,0.62455535,SCOOTER
2048,12788682.55304348,0.85,0.6251951,SCOOTER
2048,12797476.55304348,0.875,0.6256175,SCOOTER
2048,12807711.55304348,0.9,0.6261091,SCOOTER
2048,12822838.55304348,0.925,0.6268357,SCOOTER
2048,12847115.55304348,0.95,0.6280018,SCOOTER
2048,12871999.55304348,0.975,0.62919706,SCOOTER
2048,12934469.55304348,1.0,0.6321977,SCOOTER
2049,12232959.55304348,0.0,0.6038279,SCOOTER
2049,12334858.55304348,0.025,0.60876596,SCOOTER
2049,12378439.55304348,0.05,0.61087793,SCOOTER
2049,12399361.55304348,0.075,0.6118918,SCOOTER
2049,12415779.55304348,0.1,0.61268747,SCOOTER
2049,12423398.55304348,0.125,0.61305666,SCOOTER
2049,12434499.55304348,0.15,0.61359465,SCOOTER
2049,12442500.55304348,0.175,0.6139824,SCOOTER
2049,12456276.55304348,0.2,0.61464995,SCOOTER
2049,12473318.55304348,0.225,0.61547583,SCOOTER
2049,12483639.55304348,0.25,0.615976,SCOOTER
2049,12493385.55304348,0.275,0.6164483,SCOOTER
2049,12502179.55304348,0.3,0.61687446,SCOOTER
2049,12514933.55304348,0.325,0.6174925,SCOOTER
2049,12528016.55304348,0.35,0.6181265,SCOOTER
2049,12549743.55304348,0.375,0.6191794,SCOOTER
2049,12565328.55304348,0.4,0.6199347,SCOOTER
2049,12574019.55304348,0.425,0.62035584,SCOOTER
2049,12581862.55304348,0.45,0.62073594,SCOOTER
2049,12587013.55304348,0.475,0.62098557,SCOOTER
2049,12593043.55304348,0.5,0.62127775,SCOOTER
2049,12600197.55304348,0.525,0.62162447,SCOOTER
2049,12605233.55304348,0.55,0.6218685,SCOOTER
2049,12609834.55304348,0.575,0.6220915,SCOOTER
2049,12615331.55304348,0.6,0.62235785,SCOOTER
2049,12620943.55304348,0.625,0.6226298,SCOOTER
2049,12624821.55304348,0.65,0.62281775,SCOOTER
2049,12630553.55304348,0.675,0.6230955,SCOOTER
2049,12635553.55304348,0.7,0.6233378,SCOOTER
2049,12639338.55304348,0.725,0.62352127,SCOOTER
2049,12643763.55304348,0.75,0.62373567,SCOOTER
2049,12648210.55304348,0.775,0.6239512,SCOOTER
2049,12653232.55304348,0.8,0.62419456,SCOOTER
2049,12659930.55304348,0.825,0.62451917,SCOOTER
2049,12667236.55304348,0.85,0.6248732,SCOOTER
2049,12677241.55304348,0.875,0.62535805,SCOOTER
2049,12687680.55304348,0.9,0.6258639,SCOOTER
2049,12697634.55304348,0.925,0.6263463,SCOOTER
2049,12712525.55304348,0.95,0.6270679,SCOOTER
2049,12750189.55304348,0.975,0.62889314,SCOOTER
2049,12818782.55304348,1.0,0.6322172,SCOOTER
2050,12096284.55304348,0.0,0.6027001,SCOOTER
2050,12222562.55304348,0.025,0.60887593,SCOOTER
2050,12249698.55304348,0.05,0.610203,SCOOTER
2050,12274447.55304348,0.075,0.6114134,SCOOTER
2050,12292863.55304348,0.1,0.6123141,SCOOTER
2050,12307113.55304348,0.125,0.613011,SCOOTER
2050,12315984.55304348,0.15,0.61344486,SCOOTER
2050,12325535.55304348,0.175,0.613912,SCOOTER
2050,12333512.55304348,0.2,0.6143021,SCOOTER
2050,12345625.55304348,0.225,0.6148945,SCOOTER
2050,12358171.55304348,0.25,0.6155081,SCOOTER
2050,12364755.55304348,0.275,0.61583006,SCOOTER
2050,12376153.55304348,0.3,0.61638755,SCOOTER
2050,12387820.55304348,0.325,0.61695814,SCOOTER
2050,12402428.55304348,0.35,0.61767256,SCOOTER
2050,12420649.55304348,0.375,0.61856365,SCOOTER
2050,12440004.55304348,0.4,0.61951023,SCOOTER
2050,12450816.55304348,0.425,0.62003905,SCOOTER
2050,12459195.55304348,0.45,0.6204488,SCOOTER
2050,12468032.55304348,0.475,0.620881,SCOOTER
2050,12476670.55304348,0.5,0.62130344,SCOOTER
2050,12481317.55304348,0.525,0.6215307,SCOOTER
2050,12486842.55304348,0.55,0.62180096,SCOOTER
2050,12490118.55304348,0.575,0.6219612,SCOOTER
2050,12494104.55304348,0.6,0.6221561,SCOOTER
2050,12498322.55304348,0.625,0.6223624,SCOOTER
2050,12502652.55304348,0.65,0.62257415,SCOOTER
2050,12507823.55304348,0.675,0.62282705,SCOOTER
2050,12513123.55304348,0.7,0.6230863,SCOOTER
2050,12520131.55304348,0.725,0.623429,SCOOTER
2050,12524843.55304348,0.75,0.62365943,SCOOTER
2050,12530359.55304348,0.775,0.6239292,SCOOTER
2050,12536026.55304348,0.8,0.62420636,SCOOTER
2050,12546630.55304348,0.825,0.624725,SCOOTER
2050,12552262.55304348,0.85,0.6250004,SCOOTER
2050,12559656.55304348,0.875,0.62536204,SCOOTER
2050,12568936.55304348,0.9,0.62581587,SCOOTER
2050,12579643.55304348,0.925,0.6263395,SCOOTER
2050,12596742.55304348,0.95,0.62717575,SCOOTER
2050,12639147.55304348,0.975,0.62924963,SCOOTER
2050,12704302.55304348,1.0,0.63243616,SCOOTER
